,altitude,availableBikes,availableDocks,city,id,landMark,lastCommunicationTime,latitude,location,longitude,postalCode,stAddress1,stAddress2,stationName,statusKey,statusValue,testStation,totalDocks
0,,18,20,,72,,2016-11-22 02:41:46 PM,40.76727216,,-73.99392888,,W 52 St & 11 Ave,,W 52 St & 11 Ave,1,In Service,False,39
1,,29,4,,79,,2016-11-22 02:41:23 PM,40.71911552,,-74.00666661,,Franklin St & W Broadway,,Franklin St & W Broadway,1,In Service,False,33
2,,22,5,,82,,2016-11-22 02:42:36 PM,40.71117416,,-74.00016545,,St James Pl & Pearl St,,St James Pl & Pearl St,1,In Service,False,27
3,,18,43,,83,,2016-11-22 02:44:54 PM,40.68382604,,-73.97632328,,Atlantic Ave & Fort Greene Pl,,Atlantic Ave & Fort Greene Pl,1,In Service,False,62
4,,28,9,,116,,2016-11-22 02:44:42 PM,40.74177603,,-74.00149746,,W 17 St & 8 Ave,,W 17 St & 8 Ave,1,In Service,False,39
5,,10,9,,119,,2016-11-22 02:43:17 PM,40.69608941,,-73.97803415,,Park Ave & St Edwards St,,Park Ave & St Edwards St,1,In Service,False,19
6,,5,13,,120,,2016-11-22 02:44:10 PM,40.68676793,,-73.95928168,,Lexington Ave & Classon Ave,,Lexington Ave & Classon Ave,1,In Service,False,19
7,,26,5,,127,,2016-11-22 02:42:33 PM,40.73172428,,-74.00674436,,Barrow St & Hudson St,,Barrow St & Hudson St,1,In Service,False,31
8,,26,2,,128,,2016-11-22 02:42:45 PM,40.72710258,,-74.00297088,,MacDougal St & Prince St,,MacDougal St & Prince St,1,In Service,False,30
9,,0,0,,137,,2016-11-09 05:53:45 PM,40.761628,,-73.972924,,E 56 St & Madison Ave,,E 56 St & Madison Ave,3,Not In Service,False,6
10,,20,2,,143,,2016-11-22 02:43:19 PM,40.69239502,,-73.99337909,,Clinton St & Joralemon St,,Clinton St & Joralemon St,1,In Service,False,24
11,,8,11,,144,,2016-11-22 02:44:32 PM,40.69839895,,-73.98068914,,Nassau St & Navy St,,Nassau St & Navy St,1,In Service,False,19
12,,17,22,,146,,2016-11-22 02:42:59 PM,40.71625008,,-74.0091059,,Hudson St & Reade St,,Hudson St & Reade St,1,In Service,False,39
13,,26,6,,147,,2016-11-22 02:43:14 PM,40.71542197,,-74.01121978,,Greenwich St & Warren St,,Greenwich St & Warren St,1,In Service,False,33
14,,8,23,,150,,2016-11-22 02:44:50 PM,40.7208736,,-73.98085795,,E 2 St & Avenue C,,E 2 St & Avenue C,1,In Service,False,31
15,,23,9,,151,,2016-11-22 02:44:08 PM,40.7221037867,,-73.9972490072,,Cleveland Pl & Spring St,,Cleveland Pl & Spring St,1,In Service,False,33
16,,23,6,,152,,2016-11-22 02:44:50 PM,40.71473993,,-74.00910627,,Warren St & Church St,,Warren St & Church St,1,In Service,False,29
17,,48,4,,153,,2016-11-22 02:44:52 PM,40.752062307,,-73.9816324043,,E 40 St & 5 Ave,,E 40 St & 5 Ave,1,In Service,False,55
18,,5,18,,157,,2016-11-22 02:44:21 PM,40.69089272,,-73.99612349,,Henry St & Atlantic Ave,,Henry St & Atlantic Ave,1,In Service,False,23
19,,32,3,,161,,2016-11-22 02:43:48 PM,40.72917025,,-73.99810231,,LaGuardia Pl & W 3 St,,LaGuardia Pl & W 3 St,1,In Service,False,35
20,,37,9,,164,,2016-11-22 02:42:08 PM,40.75323098,,-73.97032517,,E 47 St & 2 Ave,,E 47 St & 2 Ave,1,In Service,False,47
21,,25,20,,167,,2016-11-22 02:44:44 PM,40.7489006,,-73.97604882,,E 39 St & 3 Ave,,E 39 St & 3 Ave,1,In Service,False,45
22,,42,1,,168,,2016-11-22 02:44:06 PM,40.73971301,,-73.99456405,,W 18 St & 6 Ave,,W 18 St & 6 Ave,1,In Service,False,47
23,,48,2,,173,,2016-11-22 02:44:42 PM,40.760683271,,-73.9845272899,,Broadway & W 49 St,,Broadway & W 49 St,1,In Service,False,51
24,,7,22,,174,,2016-11-22 02:44:27 PM,40.7381765,,-73.97738662,,E 25 St & 1 Ave,,E 25 St & 1 Ave,1,In Service,False,30
25,,5,39,,195,,2016-11-22 02:43:05 PM,40.70905623,,-74.01043382,,Liberty St & Broadway,,Liberty St & Broadway,1,In Service,False,45
26,,26,1,,212,,2016-11-22 02:43:44 PM,40.74334935,,-74.00681753,,W 16 St & The High Line,,W 16 St & The High Line,1,In Service,False,28
27,,6,17,,216,,2016-11-22 02:42:57 PM,40.70037867,,-73.99548059,,Columbia Heights & Cranberry St,,Columbia Heights & Cranberry St,1,In Service,False,23
28,,29,10,,217,,2016-11-22 02:43:26 PM,40.70277159,,-73.99383605,,Old Fulton St,,Old Fulton St,1,In Service,False,39
29,,0,3,,223,,2016-11-22 07:39:47 AM,40.73781509,,-73.99994661,,W 13 St & 7 Ave,,W 13 St & 7 Ave,3,Not In Service,False,3
30,,14,17,,224,,2016-11-22 02:41:26 PM,40.71146364,,-74.00552427,,Spruce St & Nassau St,,Spruce St & Nassau St,1,In Service,False,31
31,,31,6,,225,,2016-11-22 02:41:30 PM,40.74195138,,-74.00803013,,W 14 St & The High Line,,W 14 St & The High Line,1,In Service,False,37
32,,51,3,,228,,2016-11-22 02:41:39 PM,40.7546011026,,-73.971878855,,E 48 St & 3 Ave,,E 48 St & 3 Ave,1,In Service,False,55
33,,16,4,,229,,2016-11-22 02:42:50 PM,40.72743423,,-73.99379025,,Great Jones St,,Great Jones St,1,In Service,False,23
34,,2,21,,232,,2016-11-22 02:42:45 PM,40.69597683,,-73.99014892,,Cadman Plaza E & Tillary St,,Cadman Plaza E & Tillary St,1,In Service,False,23
35,,13,26,,236,,2016-11-22 02:44:44 PM,40.7284186,,-73.98713956,,St Marks Pl & 2 Ave,,St Marks Pl & 2 Ave,1,In Service,False,39
36,,12,26,,237,,2016-11-22 02:45:02 PM,40.73047309,,-73.98672378,,E 11 St & 2 Ave,,E 11 St & 2 Ave,1,In Service,False,39
37,,2,28,,238,,2016-11-22 02:41:12 PM,40.7361967,,-74.00859207,,Bank St & Washington St,,Bank St & Washington St,1,In Service,False,31
38,,21,10,,239,,2016-11-22 02:44:46 PM,40.69196566,,-73.9813018,,Willoughby St & Fleet St,,Willoughby St & Fleet St,1,In Service,False,31
39,,12,11,,241,,2016-11-22 02:42:23 PM,40.68981035,,-73.97493121,,DeKalb Ave & S Portland Ave,,DeKalb Ave & S Portland Ave,1,In Service,False,23
40,,12,11,,242,,2016-11-22 02:43:34 PM,40.697787,,-73.973736,,Carlton Ave & Flushing Ave,,Carlton Ave & Flushing Ave,1,In Service,False,23
41,,25,6,,243,,2016-11-22 02:44:55 PM,40.688226,,-73.979382,,Fulton St & Rockwell Pl,,Fulton St & Rockwell Pl,1,In Service,False,31
42,,2,29,,244,,2016-11-22 02:41:09 PM,40.69196035,,-73.96536851,,Willoughby Ave & Hall St,,Willoughby Ave & Hall St,1,In Service,False,31
43,,3,20,,245,,2016-11-22 02:41:49 PM,40.69327018,,-73.97703874,,Myrtle Ave & St Edwards St,,Myrtle Ave & St Edwards St,1,In Service,False,23
44,,0,19,,247,,2016-11-22 02:43:23 PM,40.73535398,,-74.00483091,,Perry St & Bleecker St,,Perry St & Bleecker St,1,In Service,False,20
45,,14,8,,248,,2016-11-22 02:43:14 PM,40.72185379,,-74.00771779,,Laight St & Hudson St,,Laight St & Hudson St,1,In Service,False,23
46,,24,2,,249,,2016-11-22 02:41:34 PM,40.71870987,,-74.0090009,,Harrison St & Hudson St,,Harrison St & Hudson St,1,In Service,False,27
47,,17,10,,251,,2016-11-22 02:42:34 PM,40.72317958,,-73.99480012,,Mott St & Prince St,,Mott St & Prince St,1,In Service,False,27
48,,30,3,,252,,2016-11-22 02:45:00 PM,40.73226398,,-73.99852205,,MacDougal St & Washington Sq,,MacDougal St & Washington Sq,1,In Service,False,33
49,,42,10,,253,,2016-11-22 02:42:08 PM,40.73543934,,-73.99453948,,W 13 St & 5 Ave,,W 13 St & 5 Ave,1,In Service,False,55
50,,17,11,,254,,2016-11-22 02:43:27 PM,40.73532427,,-73.99800419,,W 11 St & 6 Ave,,W 11 St & 6 Ave,1,In Service,False,31
51,,32,6,,257,,2016-11-22 02:43:39 PM,40.71939226,,-74.00247214,,Lispenard St & Broadway,,Lispenard St & Broadway,1,In Service,False,39
52,,5,18,,258,,2016-11-22 02:43:29 PM,40.68940747,,-73.96885458,,DeKalb Ave & Vanderbilt Ave,,DeKalb Ave & Vanderbilt Ave,1,In Service,False,23
53,,37,2,,259,,2016-11-22 02:42:21 PM,40.70122128,,-74.01234218,,South St & Whitehall St,,South St & Whitehall St,1,In Service,False,39
54,,29,6,,260,,2016-11-22 02:43:50 PM,40.70365182,,-74.01167797,,Broad St & Bridge St,,Broad St & Bridge St,1,In Service,False,35
55,,11,16,,261,,2016-11-22 02:44:14 PM,40.69474881,,-73.98362464,,Johnson St & Gold St,,Johnson St & Gold St,1,In Service,False,27
56,,13,11,,262,,2016-11-22 02:44:42 PM,40.6917823,,-73.9737299,,Washington Park,,Washington Park,1,In Service,False,24
57,,22,5,,264,,2016-11-22 02:44:08 PM,40.70706456,,-74.00731853,,Maiden Ln & Pearl St,,Maiden Ln & Pearl St,1,In Service,False,27
58,,25,9,,265,,2016-11-22 02:45:03 PM,40.72229346,,-73.99147535,,Stanton St & Chrystie St,,Stanton St & Chrystie St,1,In Service,False,35
59,,0,24,,266,,2016-11-22 02:42:33 PM,40.72368361,,-73.97574813,,Avenue D & E 8 St,,Avenue D & E 8 St,1,In Service,False,24
60,,9,47,,267,,2016-11-22 02:43:30 PM,40.75097711,,-73.98765428,,Broadway & W 36 St,,Broadway & W 36 St,1,In Service,False,57
61,,21,6,,268,,2016-11-22 02:43:50 PM,40.71910537,,-73.99973337,,Howard St & Centre St,,Howard St & Centre St,1,In Service,False,27
62,,2,21,,270,,2016-11-22 02:43:56 PM,40.69308257,,-73.97178913,,Adelphi St & Myrtle Ave,,Adelphi St & Myrtle Ave,1,In Service,False,23
63,,24,7,,274,,2016-11-22 02:43:47 PM,40.68691865,,-73.976682,,Lafayette Ave & Fort Greene Pl,,Lafayette Ave & Fort Greene Pl,1,In Service,False,31
64,,4,14,,275,,2016-11-22 02:43:13 PM,40.68650065,,-73.96563307,,Washington Ave & Greene Ave,,Washington Ave & Greene Ave,1,In Service,False,19
65,,21,3,,276,,2016-11-22 02:42:04 PM,40.71748752,,-74.0104554,,Duane St & Greenwich St,,Duane St & Greenwich St,1,In Service,False,25
66,,15,4,,278,,2016-11-22 02:44:40 PM,40.69766564,,-73.98476437,,Concord St & Bridge St,,Concord St & Bridge St,1,In Service,False,19
67,,29,7,,279,,2016-11-22 02:42:22 PM,40.707873,,-74.00167,,Peck Slip & Front St,,Peck Slip & Front St,1,In Service,False,36
68,,30,0,,280,,2016-11-22 02:44:58 PM,40.73331967,,-73.99510132,,E 10 St & 5 Ave,,E 10 St & 5 Ave,1,In Service,False,31
69,,56,2,,281,,2016-11-22 02:41:12 PM,40.7643971,,-73.97371465,,Grand Army Plaza & Central Park S,,Grand Army Plaza & Central Park S,1,In Service,False,59
70,,2,24,,282,,2016-11-22 02:42:44 PM,40.7076449442,,-73.9684152603,,Kent Ave & S 11 St,,Kent Ave & S 11 St,1,In Service,False,27
71,,32,11,,284,,2016-11-22 02:44:22 PM,40.7390169121,,-74.0026376103,,Greenwich Ave & 8 Ave,,Greenwich Ave & 8 Ave,1,In Service,False,43
72,,38,8,,285,,2016-11-22 02:42:18 PM,40.73454567,,-73.99074142,,Broadway & E 14 St,,Broadway & E 14 St,1,In Service,False,47
73,,5,14,,289,,2016-11-22 02:44:28 PM,40.6845683,,-73.95881081,,Monroe St & Classon Ave,,Monroe St & Classon Ave,1,In Service,False,19
74,,4,16,,291,,2016-11-22 02:44:36 PM,40.713126,,-73.984844,,Madison St & Montgomery St,,Madison St & Montgomery St,1,In Service,False,20
75,,0,0,,293,,1969-12-31 07:00:00 PM,40.73028666,,-73.9907647,,Lafayette St & E 8 St,,Lafayette St & E 8 St,3,Not In Service,False,0
76,,1,23,,295,,2016-11-22 02:43:45 PM,40.71406667,,-73.99293911,,Pike St & E Broadway,,Pike St & E Broadway,1,In Service,False,24
77,,27,8,,296,,2016-11-22 02:42:22 PM,40.71413089,,-73.9970468,,Division St & Bowery,,Division St & Bowery,1,In Service,False,35
78,,10,15,,297,,2016-11-22 02:42:29 PM,40.734232,,-73.986923,,E 15 St & 3 Ave,,E 15 St & 3 Ave,1,In Service,False,27
79,,21,14,,298,,2016-11-22 02:43:04 PM,40.68683208,,-73.9796772,,3 Ave & Schermerhorn St,,3 Ave & Schermerhorn St,1,In Service,False,35
80,,5,30,,301,,2016-11-22 02:43:05 PM,40.72217444,,-73.98368779,,E 2 St & Avenue B,,E 2 St & Avenue B,1,In Service,False,37
81,,2,20,,302,,2016-11-22 02:41:09 PM,40.72082834,,-73.97793172,,Avenue D & E 3 St,,Avenue D & E 3 St,1,In Service,False,23
82,,26,5,,303,,2016-11-22 02:43:26 PM,40.72362738,,-73.99949601,,Mercer St & Spring St,,Mercer St & Spring St,1,In Service,False,31
83,,13,21,,304,,2016-11-22 02:44:59 PM,40.70463334,,-74.01361706,,Broadway & Battery Pl,,Broadway & Battery Pl,1,In Service,False,34
84,,19,12,,305,,2016-11-22 02:43:33 PM,40.76095756,,-73.96724467,,E 58 St & 3 Ave,,E 58 St & 3 Ave,1,In Service,False,33
85,,9,28,,306,,2016-11-22 02:42:27 PM,40.70823502,,-74.00530063,,Cliff St & Fulton St,,Cliff St & Fulton St,1,In Service,False,37
86,,4,23,,307,,2016-11-22 02:42:51 PM,40.71427487,,-73.98990025,,Canal St & Rutgers St,,Canal St & Rutgers St,1,In Service,False,29
87,,12,14,,308,,2016-11-22 02:43:13 PM,40.71307916,,-73.99851193,,St James Pl & Oliver St,,St James Pl & Oliver St,1,In Service,False,27
88,,35,2,,309,,2016-11-22 02:43:06 PM,40.7149787,,-74.013012,,Murray St & West St,,Murray St & West St,1,In Service,False,41
89,,30,5,,310,,2016-11-22 02:45:01 PM,40.68926942,,-73.98912867,,State St & Smith St,,State St & Smith St,1,In Service,False,36
90,,9,22,,311,,2016-11-22 02:42:01 PM,40.7172274,,-73.98802084,,Norfolk St & Broome St,,Norfolk St & Broome St,1,In Service,False,31
91,,0,30,,312,,2016-11-22 02:43:42 PM,40.722055,,-73.989111,,Allen St & Stanton St,,Allen St & Stanton St,1,In Service,False,31
92,,15,7,,313,,2016-11-22 02:41:34 PM,40.69610226,,-73.96751037,,Washington Ave & Park Ave,,Washington Ave & Park Ave,1,In Service,False,23
93,,28,1,,315,,2016-11-22 02:43:36 PM,40.70355377,,-74.00670227,,South St & Gouverneur Ln,,South St & Gouverneur Ln,1,In Service,False,29
94,,13,30,,316,,2016-11-22 02:43:53 PM,40.70955958,,-74.00653609,,Fulton St & William St,,Fulton St & William St,1,In Service,False,43
95,,3,23,,317,,2016-11-22 02:42:50 PM,40.72453734,,-73.98185424,,E 6 St & Avenue B,,E 6 St & Avenue B,1,In Service,False,27
96,,24,9,,319,,2016-11-22 02:42:17 PM,40.711066,,-74.009447,,Fulton St & Broadway,,Fulton St & Broadway,1,In Service,False,33
97,,37,1,,320,,2016-11-22 02:41:43 PM,40.717571,,-74.005549,,Leonard St & Church St,,Leonard St & Church St,1,In Service,False,39
98,,24,3,,321,,2016-11-22 02:42:58 PM,40.69991755,,-73.98971773,,Cadman Plaza E & Red Cross Pl,,Cadman Plaza E & Red Cross Pl,1,In Service,False,27
99,,20,10,,322,,2016-11-22 02:42:11 PM,40.696192,,-73.991218,,Clinton St & Tillary St,,Clinton St & Tillary St,1,In Service,False,31
100,,34,3,,323,,2016-11-22 02:43:20 PM,40.69236178,,-73.98631746,,Lawrence St & Willoughby St,,Lawrence St & Willoughby St,1,In Service,False,39
101,,41,10,,324,,2016-11-22 02:43:10 PM,40.689888,,-73.981013,,DeKalb Ave & Hudson Ave,,DeKalb Ave & Hudson Ave,1,In Service,False,51
102,,31,1,,325,,2016-11-22 02:43:44 PM,40.73624527,,-73.98473765,,E 19 St & 3 Ave,,E 19 St & 3 Ave,1,In Service,False,35
103,,1,26,,326,,2016-11-22 02:41:29 PM,40.72953837,,-73.98426726,,E 11 St & 1 Ave,,E 11 St & 1 Ave,1,In Service,False,27
104,,26,12,,327,,2016-11-22 02:44:31 PM,40.7153379,,-74.01658354,,Vesey Pl & River Terrace,,Vesey Pl & River Terrace,1,In Service,False,39
105,,21,2,,328,,2016-11-22 02:42:32 PM,40.72405549,,-74.00965965,,Watts St & Greenwich St,,Watts St & Greenwich St,1,In Service,False,23
106,,30,9,,330,,2016-11-22 02:44:18 PM,40.71450451,,-74.00562789,,Reade St & Broadway,,Reade St & Broadway,1,In Service,False,39
107,,3,24,,331,,2016-11-22 02:43:34 PM,40.71173107,,-73.99193043,,Pike St & Monroe St,,Pike St & Monroe St,1,In Service,False,27
108,,5,19,,332,,2016-11-22 02:43:05 PM,40.71219906,,-73.97948148,,Cherry St,,Cherry St,1,In Service,False,24
109,,15,15,,334,,2016-11-22 02:44:05 PM,40.74238787,,-73.99726235,,W 20 St & 7 Ave,,W 20 St & 7 Ave,1,In Service,False,31
110,,21,5,,335,,2016-11-22 02:44:57 PM,40.72903917,,-73.99404649,,Washington Pl & Broadway,,Washington Pl & Broadway,1,In Service,False,27
111,,35,1,,336,,2016-11-22 02:41:46 PM,40.73047747,,-73.99906065,,Sullivan St & Washington Sq,,Sullivan St & Washington Sq,1,In Service,False,36
112,,36,1,,337,,2016-11-22 02:41:07 PM,40.7037992,,-74.00838676,,Old Slip & Front St,,Old Slip & Front St,1,In Service,False,37
113,,1,23,,339,,2016-11-22 02:44:07 PM,40.72580614,,-73.97422494,,Avenue D & E 12 St,,Avenue D & E 12 St,1,In Service,False,24
114,,1,26,,340,,2016-11-22 02:44:17 PM,40.71269042,,-73.98776323,,Madison St & Clinton St,,Madison St & Clinton St,1,In Service,False,27
115,,1,17,,341,,2016-11-22 02:42:43 PM,40.71782143,,-73.97628939,,Stanton St & Mangin St,,Stanton St & Mangin St,1,In Service,False,19
116,,4,25,,342,,2016-11-22 02:42:13 PM,40.71739973,,-73.98016555,,Columbia St & Rivington St,,Columbia St & Rivington St,1,In Service,False,29
117,,19,3,,343,,2016-11-22 02:43:57 PM,40.69794,,-73.96986848,,Clinton Ave & Flushing Ave,,Clinton Ave & Flushing Ave,1,In Service,False,23
118,,2,21,,344,,2016-11-22 02:41:07 PM,40.6851443,,-73.95380904,,Monroe St & Bedford Ave,,Monroe St & Bedford Ave,1,In Service,False,23
119,,35,0,,345,,2016-11-22 02:43:14 PM,40.73649403,,-73.99704374,,W 13 St & 6 Ave,,W 13 St & 6 Ave,1,In Service,False,35
120,,2,24,,346,,2016-11-22 02:44:15 PM,40.73652889,,-74.00618026,,Bank St & Hudson St,,Bank St & Hudson St,1,In Service,False,27
121,,24,10,,347,,2016-11-22 02:41:42 PM,40.728846,,-74.008591,,Greenwich St & W Houston St,,Greenwich St & W Houston St,1,In Service,False,35
122,,29,13,,348,,2016-11-22 02:44:42 PM,40.72490985,,-74.00154702,,W Broadway & Spring St,,W Broadway & Spring St,1,In Service,False,42
123,,0,23,,349,,2016-11-22 02:44:57 PM,40.71850211,,-73.98329859,,Rivington St & Ridge St,,Rivington St & Ridge St,1,In Service,False,23
124,,10,18,,350,,2016-11-22 02:41:32 PM,40.71559509,,-73.9870295,,Clinton St & Grand St,,Clinton St & Grand St,1,In Service,False,28
125,,33,6,,351,,2016-11-22 02:41:51 PM,40.70530954,,-74.00612572,,Front St & Maiden Ln,,Front St & Maiden Ln,1,In Service,False,39
126,,29,5,,352,,2016-11-22 02:44:18 PM,40.76340613,,-73.97722479,,W 56 St & 6 Ave,,W 56 St & 6 Ave,1,In Service,False,36
127,,12,14,,353,,2016-11-22 02:41:56 PM,40.68539567,,-73.97431458,,S Portland Ave & Hanson Pl,,S Portland Ave & Hanson Pl,1,In Service,False,27
128,,14,9,,354,,2016-11-22 02:41:34 PM,40.69363137,,-73.96223558,,Emerson Pl & Myrtle Ave,,Emerson Pl & Myrtle Ave,1,In Service,False,23
129,,35,7,,355,,2016-11-22 02:45:03 PM,40.71602118,,-73.99974372,,Bayard St & Baxter St,,Bayard St & Baxter St,1,In Service,False,43
130,,2,21,,356,,2016-11-22 02:42:04 PM,40.71622644,,-73.98261206,,Bialystoker Pl & Delancey St,,Bialystoker Pl & Delancey St,1,In Service,False,23
131,,23,4,,357,,2016-11-22 02:44:51 PM,40.73261787,,-73.99158043,,E 11 St & Broadway,,E 11 St & Broadway,1,In Service,False,27
132,,1,33,,358,,2016-11-22 02:44:56 PM,40.73291553,,-74.00711384,,Christopher St & Greenwich St,,Christopher St & Greenwich St,1,In Service,False,36
133,,43,9,,359,,2016-11-22 02:44:00 PM,40.75510267,,-73.97498696,,E 47 St & Park Ave,,E 47 St & Park Ave,1,In Service,False,55
134,,3,36,,360,,2016-11-22 02:41:40 PM,40.70717936,,-74.00887308,,William St & Pine St,,William St & Pine St,1,In Service,False,39
135,,4,38,,361,,2016-11-22 02:45:03 PM,40.71605866,,-73.99190759,,Allen St & Hester St,,Allen St & Hester St,1,In Service,False,43
136,,27,29,,362,,2016-11-22 02:44:12 PM,40.75172632,,-73.98753523,,Broadway & W 37 St,,Broadway & W 37 St,1,In Service,False,57
137,,24,24,,363,,2016-11-22 02:44:18 PM,40.70834698,,-74.01713445,,West Thames St,,West Thames St,1,In Service,False,49
138,,8,19,,364,,2016-11-22 02:43:32 PM,40.68900443,,-73.96023854,,Lafayette Ave & Classon Ave,,Lafayette Ave & Classon Ave,1,In Service,False,27
139,,3,28,,365,,2016-11-22 02:43:04 PM,40.68223166,,-73.9614583,,Fulton St & Grand Ave,,Fulton St & Grand Ave,1,In Service,False,31
140,,6,26,,366,,2016-11-22 02:42:59 PM,40.693261,,-73.968896,,Clinton Ave & Myrtle Ave,,Clinton Ave & Myrtle Ave,1,In Service,False,33
141,,25,8,,367,,2016-11-22 02:42:17 PM,40.75828065,,-73.97069431,,E 53 St & Lexington Ave,,E 53 St & Lexington Ave,1,In Service,False,34
142,,38,0,,368,,2016-11-22 02:44:41 PM,40.73038599,,-74.00214988,,Carmine St & 6 Ave,,Carmine St & 6 Ave,1,In Service,False,39
143,,34,1,,369,,2016-11-22 02:41:24 PM,40.73224119,,-74.00026394,,Washington Pl & 6 Ave,,Washington Pl & 6 Ave,1,In Service,False,35
144,,3,24,,372,,2016-11-22 02:41:35 PM,40.694528,,-73.958089,,Franklin Ave & Myrtle Ave,,Franklin Ave & Myrtle Ave,1,In Service,False,27
145,,7,12,,373,,2016-11-22 02:43:55 PM,40.69331716,,-73.95381995,,Willoughby Ave & Walworth St,,Willoughby Ave & Walworth St,1,In Service,False,19
146,,5,37,,376,,2016-11-22 02:43:01 PM,40.70862144,,-74.00722156,,John St & William St,,John St & William St,1,In Service,False,43
147,,33,14,,377,,2016-11-22 02:41:08 PM,40.72243797,,-74.00566443,,6 Ave & Canal St,,6 Ave & Canal St,1,In Service,False,47
148,,11,30,,379,,2016-11-22 02:42:33 PM,40.749156,,-73.9916,,W 31 St & 7 Ave,,W 31 St & 7 Ave,1,In Service,False,42
149,,11,28,,380,,2016-11-22 02:44:41 PM,40.73401143,,-74.00293877,,W 4 St & 7 Ave S,,W 4 St & 7 Ave S,1,In Service,False,39
150,,35,0,,382,,2016-11-22 02:43:13 PM,40.73492695,,-73.99200509,,University Pl & E 14 St,,University Pl & E 14 St,1,In Service,False,36
151,,27,9,,383,,2016-11-22 02:44:55 PM,40.735238,,-74.000271,,Greenwich Ave & Charles St,,Greenwich Ave & Charles St,1,In Service,False,39
152,,3,28,,384,,2016-11-22 02:44:13 PM,40.683048,,-73.964915,,Fulton St & Washington Ave,,Fulton St & Washington Ave,1,In Service,False,31
153,,20,9,,385,,2016-11-22 02:41:12 PM,40.75797322,,-73.96603308,,E 55 St & 2 Ave,,E 55 St & 2 Ave,1,In Service,False,29
154,,37,6,,386,,2016-11-22 02:44:38 PM,40.71494807,,-74.00234482,,Centre St & Worth St,,Centre St & Worth St,1,In Service,False,43
155,,17,21,,387,,2016-11-22 02:44:10 PM,40.71273266,,-74.0046073,,Centre St & Chambers St,,Centre St & Chambers St,1,In Service,False,39
156,,31,3,,388,,2016-11-22 02:41:46 PM,40.749717753,,-74.002950346,,W 26 St & 10 Ave,,W 26 St & 10 Ave,1,In Service,False,35
157,,5,22,,389,,2016-11-22 02:43:49 PM,40.71044554,,-73.96525063,,Broadway & Berry St,,Broadway & Berry St,1,In Service,False,27
158,,26,5,,390,,2016-11-22 02:44:23 PM,40.69221589,,-73.9842844,,Duffield St & Willoughby St,,Duffield St & Willoughby St,1,In Service,False,31
159,,2,28,,391,,2016-11-22 02:44:56 PM,40.69760127,,-73.99344559,,Clark St & Henry St,,Clark St & Henry St,1,In Service,False,31
160,,15,17,,392,,2016-11-22 02:44:20 PM,40.695065,,-73.987167,,Jay St & Tech Pl,,Jay St & Tech Pl,1,In Service,False,32
161,,3,28,,393,,2016-11-22 02:44:16 PM,40.72299208,,-73.97995466,,E 5 St & Avenue C,,E 5 St & Avenue C,1,In Service,False,31
162,,4,27,,394,,2016-11-22 02:41:58 PM,40.72521311,,-73.97768752,,E 9 St & Avenue C,,E 9 St & Avenue C,1,In Service,False,32
163,,22,6,,395,,2016-11-22 02:41:23 PM,40.68807003,,-73.98410637,,Bond St & Schermerhorn St,,Bond St & Schermerhorn St,1,In Service,False,30
164,,11,10,,396,,2016-11-22 02:43:49 PM,40.680342423,,-73.9557689392,,Lefferts Pl & Franklin Ave,,Lefferts Pl & Franklin Ave,1,In Service,False,25
165,,4,23,,397,,2016-11-22 02:42:40 PM,40.68415748,,-73.96922273,,Fulton St & Clermont Ave,,Fulton St & Clermont Ave,1,In Service,False,27
166,,15,16,,398,,2016-11-22 02:44:32 PM,40.69165183,,-73.9999786,,Atlantic Ave & Furman St,,Atlantic Ave & Furman St,1,In Service,False,31
167,,7,20,,399,,2016-11-22 02:43:09 PM,40.68851534,,-73.9647628,,Lafayette Ave & St James Pl,,Lafayette Ave & St James Pl,1,In Service,False,27
168,,0,15,,400,,2016-11-22 02:41:13 PM,40.71926081,,-73.98178024,,Pitt St & Stanton St,,Pitt St & Stanton St,1,In Service,False,15
169,,4,38,,401,,2016-11-22 02:42:35 PM,40.72019576,,-73.98997825,,Allen St & Rivington St,,Allen St & Rivington St,1,In Service,False,42
170,,3,37,,402,,2016-11-22 02:44:53 PM,40.7403432,,-73.98955109,,Broadway & E 22 St,,Broadway & E 22 St,1,In Service,False,40
171,,22,17,,405,,2016-11-22 02:44:41 PM,40.739323,,-74.008119,,Washington St & Gansevoort St,,Washington St & Gansevoort St,1,In Service,False,40
172,,10,24,,406,,2016-11-22 02:44:02 PM,40.69512845,,-73.99595065,,Hicks St & Montague St,,Hicks St & Montague St,1,In Service,False,34
173,,20,16,,407,,2016-11-22 02:43:59 PM,40.700469,,-73.991454,,Henry St & Poplar St,,Henry St & Poplar St,1,In Service,False,37
174,,0,23,,408,,2016-11-22 02:43:53 PM,40.71076228,,-73.99400398,,Market St & Cherry St,,Market St & Cherry St,1,In Service,False,23
175,,2,16,,409,,2016-11-22 02:41:56 PM,40.6906495,,-73.95643107,,DeKalb Ave & Skillman St,,DeKalb Ave & Skillman St,1,In Service,False,19
176,,6,29,,410,,2016-11-22 02:44:55 PM,40.72066442,,-73.98517977,,Suffolk St & Stanton St,,Suffolk St & Stanton St,1,In Service,False,35
177,,2,19,,411,,2016-11-22 02:43:30 PM,40.72228087,,-73.97668709,,E 6 St & Avenue D,,E 6 St & Avenue D,1,In Service,False,23
178,,4,25,,412,,2016-11-22 02:44:19 PM,40.7158155,,-73.99422366,,Forsyth St & Canal St,,Forsyth St & Canal St,1,In Service,False,29
179,,24,0,,414,,2016-11-22 02:42:26 PM,40.70281858,,-73.98765762,,Pearl St & Anchorage Pl,,Pearl St & Anchorage Pl,1,In Service,False,24
180,,31,11,,415,,2016-11-22 02:44:52 PM,40.7047177,,-74.00926027,,Pearl St & Hanover Square,,Pearl St & Hanover Square,1,In Service,False,42
181,,2,29,,416,,2016-11-22 02:42:05 PM,40.68753406,,-73.97265183,,Cumberland St & Lafayette Ave,,Cumberland St & Lafayette Ave,1,In Service,False,31
182,,22,1,,417,,2016-11-22 02:41:08 PM,40.71291224,,-74.01020234,,Barclay St & Church St,,Barclay St & Church St,1,In Service,False,23
183,,23,0,,418,,2016-11-22 02:41:23 PM,40.70224,,-73.982578,,Front St & Gold St,,Front St & Gold St,1,In Service,False,23
184,,5,18,,419,,2016-11-22 02:44:54 PM,40.69580705,,-73.97355569,,Carlton Ave & Park Ave,,Carlton Ave & Park Ave,1,In Service,False,23
185,,9,14,,420,,2016-11-22 02:43:49 PM,40.68764484,,-73.96968902,,Clermont Ave & Lafayette Ave,,Clermont Ave & Lafayette Ave,1,In Service,False,23
186,,6,13,,421,,2016-11-22 02:43:29 PM,40.69573398,,-73.97129668,,Clermont Ave & Park Ave,,Clermont Ave & Park Ave,1,In Service,False,19
187,,1,54,,422,,2016-11-22 02:43:16 PM,40.770513,,-73.988038,,W 59 St & 10 Ave,,W 59 St & 10 Ave,1,In Service,False,55
188,,6,33,,423,,2016-11-22 02:44:56 PM,40.76584941,,-73.98690506,,W 54 St & 9 Ave,,W 54 St & 9 Ave,1,In Service,False,39
189,,15,15,,426,,2016-11-22 02:41:13 PM,40.71754834,,-74.01322069,,West St & Chambers St,,West St & Chambers St,1,In Service,False,31
190,,44,3,,427,,2016-11-22 02:43:59 PM,40.701907,,-74.013942,,Bus Slip & State St,,Bus Slip & State St,1,In Service,False,47
191,,4,26,,428,,2016-11-22 02:41:10 PM,40.72467721,,-73.98783413,,E 3 St & 1 Ave,,E 3 St & 1 Ave,1,In Service,False,31
192,,27,0,,430,,2016-11-22 02:42:24 PM,40.7014851,,-73.98656928,,York St & Jay St,,York St & Jay St,1,In Service,False,27
193,,1,30,,432,,2016-11-22 02:44:23 PM,40.72621788,,-73.98379855,,E 7 St & Avenue A,,E 7 St & Avenue A,1,In Service,False,31
194,,3,36,,433,,2016-11-22 02:41:32 PM,40.72955361,,-73.98057249,,E 13 St & Avenue A,,E 13 St & Avenue A,1,In Service,False,39
195,,6,20,,434,,2016-11-22 02:44:39 PM,40.74317449,,-74.00366443,,9 Ave & W 18 St,,9 Ave & W 18 St,1,In Service,False,27
196,,25,20,,435,,2016-11-22 02:44:47 PM,40.74173969,,-73.99415556,,W 21 St & 6 Ave,,W 21 St & 6 Ave,1,In Service,False,47
197,,7,20,,436,,2016-11-22 02:42:41 PM,40.68216564,,-73.95399026,,Hancock St & Bedford Ave,,Hancock St & Bedford Ave,1,In Service,False,27
198,,17,7,,437,,2016-11-22 02:43:58 PM,40.6809833854,,-73.9500479759,,Macon St & Nostrand Ave,,Macon St & Nostrand Ave,1,In Service,False,24
199,,3,24,,438,,2016-11-22 02:44:59 PM,40.72779126,,-73.98564945,,St Marks Pl & 1 Ave,,St Marks Pl & 1 Ave,1,In Service,False,27
200,,22,17,,439,,2016-11-22 02:44:22 PM,40.7262807,,-73.98978041,,E 4 St & 2 Ave,,E 4 St & 2 Ave,1,In Service,False,39
201,,24,7,,440,,2016-11-22 02:44:01 PM,40.75255434,,-73.97282625,,E 45 St & 3 Ave,,E 45 St & 3 Ave,1,In Service,False,32
202,,24,9,,441,,2016-11-22 02:44:24 PM,40.756014,,-73.967416,,E 52 St & 2 Ave,,E 52 St & 2 Ave,1,In Service,False,35
203,,45,5,,442,,2016-11-22 02:43:02 PM,40.746647,,-73.993915,,W 27 St & 7 Ave,,W 27 St & 7 Ave,1,In Service,False,51
204,,1,22,,443,,2016-11-22 02:41:59 PM,40.70853074,,-73.96408963,,Bedford Ave & S 9 St,,Bedford Ave & S 9 St,1,In Service,False,23
205,,45,0,,444,,2016-11-22 02:42:54 PM,40.7423543,,-73.98915076,,Broadway & W 24 St,,Broadway & W 24 St,1,In Service,False,52
206,,7,35,,445,,2016-11-22 02:44:35 PM,40.72740794,,-73.98142006,,E 10 St & Avenue A,,E 10 St & Avenue A,1,In Service,False,42
207,,28,11,,446,,2016-11-22 02:44:33 PM,40.74487634,,-73.99529885,,W 24 St & 7 Ave,,W 24 St & 7 Ave,1,In Service,False,39
208,,14,15,,447,,2016-11-22 02:44:13 PM,40.76370739,,-73.9851615,,8 Ave & W 52 St,,8 Ave & W 52 St,1,In Service,False,31
209,,0,30,,448,,2016-11-22 02:42:01 PM,40.75660359,,-73.9979009,,W 37 St & 10 Ave,,W 37 St & 10 Ave,1,In Service,False,31
210,,1,30,,449,,2016-11-22 02:41:55 PM,40.76461837,,-73.98789473,,W 52 St & 9 Ave,,W 52 St & 9 Ave,1,In Service,False,31
211,,9,49,,450,,2016-11-22 02:42:21 PM,40.76227205,,-73.98788205,,W 49 St & 8 Ave,,W 49 St & 8 Ave,1,In Service,False,59
212,,0,0,,453,,2016-10-20 12:50:22 PM,40.74475148,,-73.99915362,,W 22 St & 8 Ave,,W 22 St & 8 Ave,3,Not In Service,False,0
213,,16,19,,454,,2016-11-22 02:42:28 PM,40.75455731,,-73.96592976,,E 51 St & 1 Ave,,E 51 St & 1 Ave,1,In Service,False,35
214,,31,8,,455,,2016-11-22 02:42:36 PM,40.75001986,,-73.96905301,,1 Ave & E 44 St,,1 Ave & E 44 St,1,In Service,False,39
215,,23,12,,456,,2016-11-22 02:41:52 PM,40.7597108,,-73.97402311,,E 53 St & Madison Ave,,E 53 St & Madison Ave,1,In Service,False,35
216,,21,14,,457,,2016-11-22 02:41:37 PM,40.76695317,,-73.98169333,,Broadway & W 58 St,,Broadway & W 58 St,1,In Service,False,39
217,,2,28,,458,,2016-11-22 02:42:25 PM,40.751396,,-74.005226,,11 Ave & W 27 St,,11 Ave & W 27 St,1,In Service,False,31
218,,19,29,,459,,2016-11-22 02:45:03 PM,40.746745,,-74.007756,,W 20 St & 11 Ave,,W 20 St & 11 Ave,1,In Service,False,49
219,,15,8,,460,,2016-11-22 02:44:33 PM,40.71285887,,-73.96590294,,S 4 St & Wythe Ave,,S 4 St & Wythe Ave,1,In Service,False,23
220,,11,26,,461,,2016-11-22 02:44:44 PM,40.73587678,,-73.98205027,,E 20 St & 2 Ave,,E 20 St & 2 Ave,1,In Service,False,39
221,,0,0,,462,,2016-10-20 10:00:30 AM,40.74691959,,-74.00451887,,W 22 St & 10 Ave,,W 22 St & 10 Ave,3,Not In Service,False,0
222,,0,0,,465,,2016-09-22 02:16:25 PM,40.75513557,,-73.98658032,,Broadway & W 41 St,,Broadway & W 41 St,3,Not In Service,False,0
223,,35,0,,466,,2016-11-22 02:43:04 PM,40.74395411,,-73.99144871,,W 25 St & 6 Ave,,W 25 St & 6 Ave,1,In Service,False,35
224,,17,16,,467,,2016-11-22 02:43:23 PM,40.68312489,,-73.97895137,,Dean St & 4 Ave,,Dean St & 4 Ave,1,In Service,False,34
225,,21,38,,468,,2016-11-22 02:44:46 PM,40.7652654,,-73.98192338,,Broadway & W 55 St,,Broadway & W 55 St,1,In Service,False,59
226,,43,14,,469,,2016-11-22 02:42:58 PM,40.76344058,,-73.98268129,,Broadway & W 53 St,,Broadway & W 53 St,1,In Service,False,57
227,,6,31,,470,,2016-11-22 02:43:35 PM,40.74345335,,-74.00004031,,W 20 St & 8 Ave,,W 20 St & 8 Ave,1,In Service,False,37
228,,16,14,,471,,2016-11-22 02:43:44 PM,40.71286844,,-73.95698119,,Grand St & Havemeyer St,,Grand St & Havemeyer St,1,In Service,False,31
229,,35,5,,472,,2016-11-22 02:43:04 PM,40.7457121,,-73.98194829,,E 32 St & Park Ave,,E 32 St & Park Ave,1,In Service,False,41
230,,20,16,,473,,2016-11-22 02:43:35 PM,40.72110063,,-73.9919254,,Rivington St & Chrystie St,,Rivington St & Chrystie St,1,In Service,False,38
231,,30,7,,474,,2016-11-22 02:44:08 PM,40.7451677,,-73.98683077,,5 Ave & E 29 St,,5 Ave & E 29 St,1,In Service,False,39
232,,30,6,,475,,2016-11-22 02:41:16 PM,40.73524276,,-73.98758561,,E 16 St & Irving Pl,,E 16 St & Irving Pl,1,In Service,False,37
233,,28,18,,476,,2016-11-22 02:41:31 PM,40.74394314,,-73.97966069,,E 31 St & 3 Ave,,E 31 St & 3 Ave,1,In Service,False,47
234,,30,28,,477,,2016-11-22 02:44:42 PM,40.75640548,,-73.9900262,,W 41 St & 8 Ave,,W 41 St & 8 Ave,1,In Service,False,59
235,,1,30,,478,,2016-11-22 02:41:32 PM,40.76030096,,-73.99884222,,11 Ave & W 41 St,,11 Ave & W 41 St,1,In Service,False,31
236,,5,23,,479,,2016-11-22 02:42:54 PM,40.76019252,,-73.9912551,,9 Ave & W 45 St,,9 Ave & W 45 St,1,In Service,False,31
237,,8,19,,480,,2016-11-22 02:44:53 PM,40.76669671,,-73.99061728,,W 53 St & 10 Ave,,W 53 St & 10 Ave,1,In Service,False,27
238,,4,21,,481,,2016-11-22 02:44:00 PM,40.71260486,,-73.96264403,,S 3 St & Bedford Ave,,S 3 St & Bedford Ave,1,In Service,False,25
239,,18,17,,482,,2016-11-22 02:42:00 PM,40.73935542,,-73.99931783,,W 15 St & 7 Ave,,W 15 St & 7 Ave,1,In Service,False,39
240,,32,3,,483,,2016-11-22 02:43:05 PM,40.73223272,,-73.98889957,,E 12 St & 3 Ave,,E 12 St & 3 Ave,1,In Service,False,35
241,,31,11,,484,,2016-11-22 02:42:20 PM,40.75500254,,-73.98014437,,W 44 St & 5 Ave,,W 44 St & 5 Ave,1,In Service,False,44
242,,36,2,,485,,2016-11-22 02:43:19 PM,40.75038009,,-73.98338988,,W 37 St & 5 Ave,,W 37 St & 5 Ave,1,In Service,False,39
243,,29,8,,486,,2016-11-22 02:43:12 PM,40.7462009,,-73.98855723,,Broadway & W 29 St,,Broadway & W 29 St,1,In Service,False,39
244,,11,24,,487,,2016-11-22 02:44:17 PM,40.73314259,,-73.97573881,,E 20 St & FDR Drive,,E 20 St & FDR Drive,1,In Service,False,36
245,,17,22,,488,,2016-11-22 02:42:34 PM,40.75645824,,-73.99372222,,W 39 St & 9 Ave,,W 39 St & 9 Ave,1,In Service,False,41
246,,11,48,,490,,2016-11-22 02:41:33 PM,40.751551,,-73.993934,,8 Ave & W 33 St,,8 Ave & W 33 St,1,In Service,False,59
247,,49,0,,491,,2016-11-22 02:44:55 PM,40.74096374,,-73.98602213,,E 24 St & Park Ave S,,E 24 St & Park Ave S,1,In Service,False,53
248,,20,28,,492,,2016-11-22 02:43:06 PM,40.75019995,,-73.99093085,,W 33 St & 7 Ave,,W 33 St & 7 Ave,1,In Service,False,49
249,,27,6,,493,,2016-11-22 02:43:45 PM,40.7568001,,-73.98291153,,W 45 St & 6 Ave,,W 45 St & 6 Ave,1,In Service,False,34
250,,15,17,,494,,2016-11-22 02:42:34 PM,40.74734825,,-73.99723551,,W 26 St & 8 Ave,,W 26 St & 8 Ave,1,In Service,False,35
251,,5,20,,495,,2016-11-22 02:43:03 PM,40.76269882,,-73.99301222,,W 47 St & 10 Ave,,W 47 St & 10 Ave,1,In Service,False,25
252,,40,5,,496,,2016-11-22 02:42:10 PM,40.73726186,,-73.99238967,,E 16 St & 5 Ave,,E 16 St & 5 Ave,1,In Service,False,47
253,,56,2,,497,,2016-11-22 02:44:46 PM,40.73704984,,-73.99009296,,E 17 St & Broadway,,E 17 St & Broadway,1,In Service,False,59
254,,7,20,,498,,2016-11-22 02:44:12 PM,40.74854862,,-73.98808416,,Broadway & W 32 St,,Broadway & W 32 St,1,In Service,False,30
255,,8,27,,499,,2016-11-22 02:42:06 PM,40.76915505,,-73.98191841,,Broadway & W 60 St,,Broadway & W 60 St,1,In Service,False,36
256,,46,4,,500,,2016-11-22 02:42:27 PM,40.76228826,,-73.98336183,,Broadway & W 51 St,,Broadway & W 51 St,1,In Service,False,52
257,,3,40,,501,,2016-11-22 02:41:53 PM,40.744219,,-73.97121214,,FDR Drive & E 35 St,,FDR Drive & E 35 St,1,In Service,False,43
258,,1,29,,502,,2016-11-22 02:44:59 PM,40.714215,,-73.981346,,Henry St & Grand St,,Henry St & Grand St,1,In Service,False,30
259,,27,1,,503,,2016-11-22 02:43:16 PM,40.73827428,,-73.98751968,,E 20 St & Park Ave,,E 20 St & Park Ave,1,In Service,False,29
260,,5,38,,504,,2016-11-22 02:43:07 PM,40.73221853,,-73.98165557,,1 Ave & E 16 St,,1 Ave & E 16 St,1,In Service,False,45
261,,4,29,,505,,2016-11-22 02:43:23 PM,40.74901271,,-73.98848395,,6 Ave & W 33 St,,6 Ave & W 33 St,1,In Service,False,36
262,,13,33,,507,,2016-11-22 02:44:38 PM,40.73912601,,-73.97973776,,E 25 St & 2 Ave,,E 25 St & 2 Ave,1,In Service,False,47
263,,17,7,,508,,2016-11-22 02:41:20 PM,40.76341379,,-73.99667444,,W 46 St & 11 Ave,,W 46 St & 11 Ave,1,In Service,False,24
264,,6,23,,509,,2016-11-22 02:43:45 PM,40.7454973,,-74.00197139,,9 Ave & W 22 St,,9 Ave & W 22 St,1,In Service,False,36
265,,0,0,,510,,2016-08-15 10:12:53 AM,40.7606597,,-73.98042047,,W 51 St & 6 Ave,,W 51 St & 6 Ave,3,Not In Service,False,3
266,,2,31,,511,,2016-11-22 02:43:45 PM,40.72938685,,-73.97772429,,E 14 St & Avenue B,,E 14 St & Avenue B,1,In Service,False,33
267,,1,26,,513,,2016-11-22 02:43:25 PM,40.768254,,-73.988639,,W 56 St & 10 Ave,,W 56 St & 10 Ave,1,In Service,False,27
268,,28,25,,514,,2016-11-22 02:44:50 PM,40.76087502,,-74.00277668,,12 Ave & W 40 St,,12 Ave & W 40 St,1,In Service,False,53
269,,0,35,,515,,2016-11-22 02:44:34 PM,40.76009437,,-73.99461843,,W 43 St & 10 Ave,,W 43 St & 10 Ave,1,In Service,False,35
270,,27,2,,516,,2016-11-22 02:44:12 PM,40.75206862,,-73.96784384,,E 47 St & 1 Ave,,E 47 St & 1 Ave,1,In Service,False,31
271,,22,32,,517,,2016-11-22 02:43:53 PM,40.751581,,-73.97791,,Pershing Square South,,Pershing Square South,1,In Service,False,59
272,,2,35,,518,,2016-11-22 02:44:48 PM,40.74780373,,-73.9734419,,E 39 St & 2 Ave,,E 39 St & 2 Ave,1,In Service,False,39
273,,11,50,,519,,2016-11-22 02:41:42 PM,40.751873,,-73.977706,,Pershing Square North,,Pershing Square North,1,In Service,False,61
274,,4,35,,520,,2016-11-22 02:44:44 PM,40.75992262,,-73.97648516,,W 52 St & 5 Ave,,W 52 St & 5 Ave,1,In Service,False,39
275,,38,11,,522,,2016-11-22 02:42:01 PM,40.75714758,,-73.97207836,,E 51 St & Lexington Ave,,E 51 St & Lexington Ave,1,In Service,False,51
276,,8,40,,523,,2016-11-22 02:44:29 PM,40.75466591,,-73.99138152,,W 38 St & 8 Ave,,W 38 St & 8 Ave,1,In Service,False,51
277,,47,8,,524,,2016-11-22 02:43:56 PM,40.75527307,,-73.98316936,,W 43 St & 6 Ave,,W 43 St & 6 Ave,1,In Service,False,57
278,,33,6,,525,,2016-11-22 02:41:31 PM,40.75594159,,-74.0021163,,W 34 St & 11 Ave,,W 34 St & 11 Ave,1,In Service,False,39
279,,24,14,,526,,2016-11-22 02:42:04 PM,40.74765947,,-73.98490707,,E 33 St & 5 Ave,,E 33 St & 5 Ave,1,In Service,False,39
280,,24,32,,527,,2016-11-22 02:42:54 PM,40.744023,,-73.976056,,E 33 St & 2 Ave,,E 33 St & 2 Ave,1,In Service,False,59
281,,30,8,,528,,2016-11-22 02:41:47 PM,40.74290902,,-73.97706058,,2 Ave & E 31 St,,2 Ave & E 31 St,1,In Service,False,39
282,,11,30,,529,,2016-11-22 02:44:17 PM,40.7575699,,-73.99098507,,W 42 St & 8 Ave,,W 42 St & 8 Ave,1,In Service,False,41
283,,17,18,,530,,2016-11-22 02:44:15 PM,40.771522,,-73.990541,,11 Ave & W 59 St,,11 Ave & W 59 St,1,In Service,False,36
284,,2,36,,531,,2016-11-22 02:43:14 PM,40.71893904,,-73.99266288,,Forsyth St & Broome St,,Forsyth St & Broome St,1,In Service,False,39
285,,19,23,,532,,2016-11-22 02:42:32 PM,40.710451,,-73.960876,,S 5 Pl & S 4 St,,S 5 Pl & S 4 St,1,In Service,False,43
286,,44,3,,533,,2016-11-22 02:44:39 PM,40.75299641,,-73.98721619,,Broadway & W 39 St,,Broadway & W 39 St,1,In Service,False,50
287,,30,1,,534,,2016-11-22 02:43:58 PM,40.70255065,,-74.0127234,,Water - Whitehall Plaza,,Water - Whitehall Plaza,1,In Service,False,31
288,,18,11,,536,,2016-11-22 02:45:00 PM,40.74144387,,-73.97536082,,1 Ave & E 30 St,,1 Ave & E 30 St,1,In Service,False,29
289,,0,0,,537,,2016-10-19 12:42:19 PM,40.74025878,,-73.98409214,,Lexington Ave & E 24 St,,Lexington Ave & E 24 St,3,Not In Service,False,0
290,,28,2,,539,,2016-11-22 02:44:41 PM,40.71534825,,-73.96024116,,Metropolitan Ave & Bedford Ave,,Metropolitan Ave & Bedford Ave,1,In Service,False,31
291,,19,9,,540,,2016-11-22 02:43:35 PM,40.7431155538,,-73.9821535349,,Lexington Ave & E 29 St,,Lexington Ave & E 29 St,1,In Service,False,30
292,,3,24,,545,,2016-11-22 02:43:53 PM,40.736502,,-73.97809472,,E 23 St & 1 Ave,,E 23 St & 1 Ave,1,In Service,False,27
293,,30,7,,546,,2016-11-22 02:44:14 PM,40.74444921,,-73.98303529,,E 30 St & Park Ave S,,E 30 St & Park Ave S,1,In Service,False,38
294,,30,0,,2000,,2016-11-22 02:42:22 PM,40.70255088,,-73.98940236,,Front St & Washington St,,Front St & Washington St,1,In Service,False,30
295,,10,5,,2001,,2016-11-22 02:44:38 PM,40.699773,,-73.979927,,Sands St & Navy St,,Sands St & Navy St,1,In Service,False,15
296,,17,10,,2002,,2016-11-22 02:42:49 PM,40.716887,,-73.963198,,Wythe Ave & Metropolitan Ave,,Wythe Ave & Metropolitan Ave,1,In Service,False,27
297,,0,37,,2003,,2016-11-22 02:41:36 PM,40.733812192,,-73.9805442095,,1 Ave & E 18 St,,1 Ave & E 18 St,1,In Service,False,39
298,,32,4,,2004,,2016-11-22 02:43:15 PM,40.724399,,-74.004704,,6 Ave & Broome St,,6 Ave & Broome St,1,In Service,False,36
299,,4,8,,2005,,2016-11-22 02:43:36 PM,40.70531194,,-73.97100056,,Railroad Ave & Kay Ave,,Railroad Ave & Kay Ave,1,In Service,False,12
300,,0,49,,2006,,2016-11-20 09:55:31 PM,40.76590936,,-73.97634151,,Central Park S & 6 Ave,,Central Park S & 6 Ave,3,Not In Service,False,49
301,,20,4,,2008,,2016-11-22 02:42:58 PM,40.70569254,,-74.01677685,,Little West St & 1 Pl,,Little West St & 1 Pl,1,In Service,False,24
302,,3,32,,2009,,2016-11-22 02:42:59 PM,40.71117444,,-73.99682619,,Catherine St & Monroe St,,Catherine St & Monroe St,1,In Service,False,35
303,,15,23,,2010,,2016-11-22 02:44:54 PM,40.72165481,,-74.00234737,,Grand St & Greene St,,Grand St & Greene St,1,In Service,False,39
304,,8,25,,2012,,2016-11-22 02:45:01 PM,40.739445,,-73.976806,,E 27 St & 1 Ave,,E 27 St & 1 Ave,1,In Service,False,36
305,,31,7,,2017,,2016-11-22 02:43:27 PM,40.75022392,,-73.97121414,,E 43 St & 2 Ave,,E 43 St & 2 Ave,1,In Service,False,39
306,,10,31,,2021,,2016-11-22 02:44:40 PM,40.75929124,,-73.98859651,,W 45 St & 8 Ave,,W 45 St & 8 Ave,1,In Service,False,43
307,,0,31,,2022,,2016-11-22 02:43:16 PM,40.759107,,-73.959223,,E 60 St & York Ave,,E 60 St & York Ave,1,In Service,False,33
308,,28,8,,2023,,2016-11-22 02:43:45 PM,40.75968085,,-73.97031366,,E 55 St & Lexington Ave,,E 55 St & Lexington Ave,1,In Service,False,36
309,,19,4,,3002,,2016-11-22 02:44:40 PM,40.711512,,-74.015756,,South End Ave & Liberty St,,South End Ave & Liberty St,1,In Service,False,25
310,,39,6,,3016,,2016-11-22 02:44:43 PM,40.720367753,,-73.9616507292,,Kent Ave & N 7 St,,Kent Ave & N 7 St,1,In Service,False,47
311,,3,21,,3041,,2016-11-22 02:43:49 PM,40.67890679,,-73.94142771,,Kingston Ave & Herkimer St,,Kingston Ave & Herkimer St,1,In Service,False,24
312,,6,13,,3042,,2016-11-22 02:42:10 PM,40.6794268,,-73.9298911,,Fulton St & Utica Ave,,Fulton St & Utica Ave,1,In Service,False,19
313,,2,17,,3043,,2016-11-22 02:41:57 PM,40.6814598,,-73.934903,,Lewis Ave & Decatur St,,Lewis Ave & Decatur St,1,In Service,False,19
314,,5,22,,3044,,2016-11-22 02:42:48 PM,40.6800105,,-73.938475,,Albany Ave & Fulton St,,Albany Ave & Fulton St,1,In Service,False,27
315,,3,15,,3046,,2016-11-22 02:44:10 PM,40.682601,,-73.938037,,Marcus Garvey Blvd & Macon St,,Marcus Garvey Blvd & Macon St,1,In Service,False,19
316,,6,14,,3047,,2016-11-22 02:42:33 PM,40.6823687,,-73.944118,,Halsey St & Tompkins Ave,,Halsey St & Tompkins Ave,1,In Service,False,21
317,,2,17,,3048,,2016-11-22 02:43:30 PM,40.68402,,-73.94977,,Putnam Ave & Nostrand Ave,,Putnam Ave & Nostrand Ave,1,In Service,False,19
318,,0,18,,3049,,2016-11-22 02:43:34 PM,40.68488,,-73.96304,,Cambridge Pl & Gates Ave,,Cambridge Pl & Gates Ave,1,In Service,False,18
319,,0,21,,3050,,2016-11-22 02:41:56 PM,40.6851532,,-73.94111,,Putnam Ave & Throop Ave,,Putnam Ave & Throop Ave,1,In Service,False,21
320,,3,20,,3052,,2016-11-22 02:41:05 PM,40.686312,,-73.935775,,Lewis Ave & Madison St,,Lewis Ave & Madison St,1,In Service,False,23
321,,1,22,,3053,,2016-11-22 02:43:14 PM,40.6900815,,-73.947915,,Marcy Ave & Lafayette Ave,,Marcy Ave & Lafayette Ave,1,In Service,False,23
322,,0,19,,3054,,2016-11-22 02:42:35 PM,40.6894932,,-73.942061,,Greene Ave & Throop Ave,,Greene Ave & Throop Ave,1,In Service,False,19
323,,1,22,,3055,,2016-11-22 02:42:02 PM,40.6883337,,-73.950916,,Greene Ave & Nostrand Ave,,Greene Ave & Nostrand Ave,1,In Service,False,23
324,,4,19,,3056,,2016-11-22 02:41:50 PM,40.69072549,,-73.95133465,,Kosciuszko St & Nostrand Ave,,Kosciuszko St & Nostrand Ave,1,In Service,False,23
325,,1,17,,3057,,2016-11-22 02:44:40 PM,40.69128258,,-73.9452416,,Kosciuszko St & Tompkins Ave,,Kosciuszko St & Tompkins Ave,1,In Service,False,18
326,,0,24,,3058,,2016-11-22 02:41:21 PM,40.69237074,,-73.93705428,,Lewis Ave & Kosciuszko St,,Lewis Ave & Kosciuszko St,1,In Service,False,24
327,,1,17,,3059,,2016-11-22 02:42:53 PM,40.6933982,,-73.939877,,Pulaski St & Marcus Garvey Blvd,,Pulaski St & Marcus Garvey Blvd,1,In Service,False,19
328,,0,19,,3060,,2016-11-22 02:42:46 PM,40.69425403,,-73.94626915,,Willoughby Ave & Tompkins Ave,,Willoughby Ave & Tompkins Ave,1,In Service,False,19
329,,1,19,,3061,,2016-11-22 02:44:40 PM,40.69622937,,-73.94371094,,Throop Ave & Myrtle Ave,,Throop Ave & Myrtle Ave,1,In Service,False,21
330,,14,9,,3062,,2016-11-22 02:44:34 PM,40.69539817,,-73.94954908,,Myrtle Ave & Marcy Ave,,Myrtle Ave & Marcy Ave,1,In Service,False,23
331,,7,13,,3063,,2016-11-22 02:41:16 PM,40.69527008,,-73.95238108,,Nostrand Ave & Myrtle Ave,,Nostrand Ave & Myrtle Ave,1,In Service,False,20
332,,4,17,,3064,,2016-11-22 02:44:21 PM,40.69681963,,-73.93756926,,Myrtle Ave & Lewis Ave,,Myrtle Ave & Lewis Ave,1,In Service,False,23
333,,2,25,,3065,,2016-11-22 02:41:38 PM,40.70029511,,-73.95032283,,Union Ave & Wallabout St,,Union Ave & Wallabout St,1,In Service,False,27
334,,11,6,,3066,,2016-11-22 02:43:44 PM,40.69957608,,-73.94708417,,Tompkins Ave & Hopkins St,,Tompkins Ave & Hopkins St,1,In Service,False,19
335,,24,3,,3067,,2016-11-22 02:42:15 PM,40.7016657,,-73.9437303,,Broadway & Whipple St,,Broadway & Whipple St,1,In Service,False,27
336,,22,1,,3068,,2016-11-22 02:43:27 PM,40.7031724,,-73.940636,,Humboldt St & Varet St,,Humboldt St & Varet St,1,In Service,False,24
337,,11,14,,3069,,2016-11-22 02:43:19 PM,40.70411791,,-73.94818595,,Lorimer St & Broadway,,Lorimer St & Broadway,1,In Service,False,25
338,,2,21,,3070,,2016-11-22 02:44:35 PM,40.70510918,,-73.94407279,,McKibbin St & Manhattan Ave,,McKibbin St & Manhattan Ave,1,In Service,False,23
339,,2,16,,3071,,2016-11-22 02:44:06 PM,40.70538077,,-73.94976519,,Boerum St & Broadway,,Boerum St & Broadway,1,In Service,False,19
340,,0,24,,3072,,2016-11-22 02:44:55 PM,40.70583339,,-73.94644578,,Leonard St & Boerum St,,Leonard St & Boerum St,1,In Service,False,24
341,,1,26,,3073,,2016-11-22 02:41:32 PM,40.70691254,,-73.95441667,,Division Ave & Hooper St,,Division Ave & Hooper St,1,In Service,False,27
342,,16,14,,3074,,2016-11-22 02:43:14 PM,40.70767788,,-73.94016171,,Montrose Ave & Bushwick Ave,,Montrose Ave & Bushwick Ave,1,In Service,False,31
343,,7,26,,3075,,2016-11-22 02:43:49 PM,40.70708701,,-73.95796783,,Division Ave & Marcy Ave,,Division Ave & Marcy Ave,1,In Service,False,33
344,,0,24,,3076,,2016-11-22 02:43:55 PM,40.70870368,,-73.9448625,,Scholes St & Manhattan Ave,,Scholes St & Manhattan Ave,1,In Service,False,24
345,,0,32,,3077,,2016-11-22 02:41:28 PM,40.70877084,,-73.95095259,,Stagg St & Union Ave,,Stagg St & Union Ave,1,In Service,False,33
346,,25,2,,3078,,2016-11-22 02:41:32 PM,40.70925562,,-73.95982218,,Broadway & Roebling St,,Broadway & Roebling St,1,In Service,False,27
347,,0,24,,3079,,2016-11-22 02:41:34 PM,40.71103537,,-73.94714303,,Leonard St & Grand St,,Leonard St & Grand St,1,In Service,False,24
348,,10,11,,3080,,2016-11-22 02:43:01 PM,40.70934,,-73.95608,,S 4 St & Rodney St,,S 4 St & Rodney St,1,In Service,False,21
349,,1,22,,3081,,2016-11-22 02:44:04 PM,40.711863,,-73.944024,,Graham Ave & Grand St,,Graham Ave & Grand St,1,In Service,False,23
350,,1,24,,3082,,2016-11-22 02:43:43 PM,40.71167351,,-73.95141312,,Hope St & Union Ave,,Hope St & Union Ave,1,In Service,False,25
351,,5,25,,3083,,2016-11-22 02:43:09 PM,40.71247661,,-73.94100005,,Bushwick Ave & Powers St,,Bushwick Ave & Powers St,1,In Service,False,30
352,,12,6,,3084,,2016-11-22 02:44:20 PM,40.71348658,,-73.94792458,,Devoe St & Leonard St,,Devoe St & Leonard St,1,In Service,False,19
353,,8,17,,3085,,2016-11-22 02:44:48 PM,40.71469,,-73.95739,,Roebling St & N 4 St,,Roebling St & N 4 St,1,In Service,False,25
354,,1,24,,3086,,2016-11-22 02:41:51 PM,40.715143,,-73.944507,,Graham Ave & Conselyea St,,Graham Ave & Conselyea St,1,In Service,False,25
355,,12,17,,3087,,2016-11-22 02:43:22 PM,40.71413311,,-73.95234386,,Metropolitan Ave & Meeker Ave,,Metropolitan Ave & Meeker Ave,1,In Service,False,30
356,,4,15,,3088,,2016-11-22 02:42:00 PM,40.7160751,,-73.952029,,Union Ave & Jackson St,,Union Ave & Jackson St,1,In Service,False,19
357,,0,0,,3089,,1969-12-31 07:00:00 PM,40.7173184039,,-73.9482021332,,Leonard St & Meeker Ave,,Leonard St & Meeker Ave,3,Not In Service,False,0
358,,25,5,,3090,,2016-11-22 02:42:49 PM,40.71774592,,-73.95600096,,N 8 St & Driggs Ave,,N 8 St & Driggs Ave,1,In Service,False,31
359,,6,25,,3091,,2016-11-22 02:43:50 PM,40.71764,,-73.94882,,Frost St & Meeker St,,Frost St & Meeker St,1,In Service,False,31
360,,19,7,,3092,,2016-11-22 02:44:27 PM,40.7190095,,-73.95852515,,Berry St & N 8 St,,Berry St & N 8 St,1,In Service,False,27
361,,23,5,,3093,,2016-11-22 02:41:52 PM,40.71745169,,-73.95850939,,N 6 St & Bedford Ave,,N 6 St & Bedford Ave,1,In Service,False,28
362,,1,17,,3094,,2016-11-22 02:44:43 PM,40.7169811,,-73.94485918,,Graham Ave & Withers St,,Graham Ave & Withers St,1,In Service,False,18
363,,0,23,,3095,,2016-11-22 02:42:44 PM,40.71929301,,-73.94500379,,Graham Ave & Herbert St,,Graham Ave & Herbert St,1,In Service,False,23
364,,30,9,,3096,,2016-11-22 02:41:38 PM,40.71924,,-73.95242,,Union Ave & N 12 St,,Union Ave & N 12 St,1,In Service,False,39
365,,2,41,,3098,,2016-11-22 02:42:56 PM,40.71928,,-73.94861,,Leonard St & Bayard St,,Leonard St & Bayard St,1,In Service,False,43
366,,1,18,,3099,,2016-11-22 02:41:43 PM,40.7215224034,,-73.948982656,,Leonard St & Manhattan Ave,,Leonard St & Manhattan Ave,1,In Service,False,19
367,,1,38,,3100,,2016-11-22 02:42:36 PM,40.7248125644,,-73.9475262165,,Nassau Ave & Newell St,,Nassau Ave & Newell St,1,In Service,False,39
368,,21,6,,3101,,2016-11-22 02:44:08 PM,40.72079821,,-73.95484712,,N 12 St & Bedford Ave,,N 12 St & Bedford Ave,1,In Service,False,27
369,,1,26,,3102,,2016-11-22 02:42:29 PM,40.72179134,,-73.9504154,,Driggs Ave & Lorimer St,,Driggs Ave & Lorimer St,1,In Service,False,27
370,,20,7,,3103,,2016-11-22 02:43:35 PM,40.72153267,,-73.95782357,,N 11 St & Wythe Ave,,N 11 St & Wythe Ave,1,In Service,False,27
371,,14,10,,3105,,2016-11-22 02:43:53 PM,40.724055,,-73.955736,,N 15 St & Wythe Ave,,N 15 St & Wythe Ave,1,In Service,False,24
372,,3,16,,3106,,2016-11-22 02:41:28 PM,40.72325,,-73.94308,,Driggs Ave & N Henry St,,Driggs Ave & N Henry St,1,In Service,False,19
373,,15,24,,3107,,2016-11-22 02:41:14 PM,40.72311651,,-73.95212324,,Bedford Ave & Nassau Ave,,Bedford Ave & Nassau Ave,1,In Service,False,39
374,,0,23,,3108,,2016-11-22 02:44:40 PM,40.72557,,-73.94434,,Nassau Ave & Russell St,,Nassau Ave & Russell St,1,In Service,False,24
375,,15,16,,3109,,2016-11-22 02:42:37 PM,40.72606,,-73.95621,,Banker St & Meserole Ave,,Banker St & Meserole Ave,1,In Service,False,31
376,,0,27,,3110,,2016-11-22 02:43:09 PM,40.72708584,,-73.95299117,,Meserole Ave & Manhattan Ave,,Meserole Ave & Manhattan Ave,1,In Service,False,27
377,,6,19,,3111,,2016-11-22 02:41:52 PM,40.7258483,,-73.95064893,,Norman Ave & Leonard St,,Norman Ave & Leonard St,1,In Service,False,25
378,,31,1,,3112,,2016-11-22 02:42:52 PM,40.72906,,-73.95779,,Milton St & Franklin St,,Milton St & Franklin St,1,In Service,False,33
379,,9,18,,3113,,2016-11-22 02:41:11 PM,40.73026,,-73.95394,,Greenpoint Ave & Manhattan Ave,,Greenpoint Ave & Manhattan Ave,1,In Service,False,27
380,,15,8,,3114,,2016-11-22 02:44:24 PM,40.73165141,,-73.96161892,,India St & East River,,India St & East River,1,In Service,False,23
381,,3,31,,3115,,2016-11-22 02:43:10 PM,40.73232194,,-73.9550858,,India St & Manhattan Ave,,India St & Manhattan Ave,1,In Service,False,34
382,,0,35,,3116,,2016-11-22 02:44:17 PM,40.73266,,-73.95826,,Huron St & Franklin St,,Huron St & Franklin St,1,In Service,False,35
383,,2,25,,3117,,2016-11-22 02:44:07 PM,40.73564,,-73.95866,,Franklin St & Dupont St,,Franklin St & Dupont St,1,In Service,False,27
384,,1,29,,3118,,2016-11-22 02:42:35 PM,40.73555,,-73.95284,,McGuinness Blvd & Eagle St,,McGuinness Blvd & Eagle St,1,In Service,False,30
385,,24,21,,3119,,2016-11-22 02:42:50 PM,40.74232744,,-73.95411749,,Vernon Blvd & 50 Ave,,Vernon Blvd & 50 Ave,1,In Service,False,45
386,,13,6,,3120,,2016-11-22 02:42:52 PM,40.74161,,-73.96044,,Center Blvd & Borden Ave,,Center Blvd & Borden Ave,1,In Service,False,20
387,,1,26,,3121,,2016-11-22 02:41:23 PM,40.74524768,,-73.94733276,,Jackson Ave & 46 Rd,,Jackson Ave & 46 Rd,1,In Service,False,27
388,,18,13,,3122,,2016-11-22 02:42:28 PM,40.7443632871,,-73.955873251,,48 Ave & 5 St,,48 Ave & 5 St,1,In Service,False,31
389,,25,2,,3123,,2016-11-22 02:42:37 PM,40.74469738,,-73.93540375,,31 St & Thomson Ave,,31 St & Thomson Ave,1,In Service,False,27
390,,3,24,,3124,,2016-11-22 02:44:47 PM,40.74731,,-73.95451,,46 Ave & 5 St,,46 Ave & 5 St,1,In Service,False,27
391,,8,14,,3125,,2016-11-22 02:41:59 PM,40.74708586,,-73.94977234,,45 Rd & 11 St,,45 Rd & 11 St,1,In Service,False,23
392,,20,14,,3126,,2016-11-22 02:43:08 PM,40.74718234,,-73.9432635,,44 Dr & Jackson Ave,,44 Dr & Jackson Ave,1,In Service,False,34
393,,29,6,,3127,,2016-11-22 02:41:50 PM,40.74966,,-73.9521,,9 St & 44 Rd,,9 St & 44 Rd,1,In Service,False,35
394,,15,8,,3128,,2016-11-22 02:41:20 PM,40.75052534,,-73.94594845,,21 St & 43 Ave,,21 St & 43 Ave,1,In Service,False,23
395,,29,1,,3129,,2016-11-22 02:41:32 PM,40.75110165,,-73.94073717,,Queens Plaza North & Crescent St,,Queens Plaza North & Crescent St,1,In Service,False,31
396,,1,29,,3131,,2016-11-22 02:41:50 PM,40.7671284035,,-73.9622461796,,E 68 St & 3 Ave,,E 68 St & 3 Ave,1,In Service,False,31
397,,33,2,,3132,,2016-11-22 02:42:57 PM,40.76350532,,-73.97109243,,E 59 St & Madison Ave,,E 59 St & Madison Ave,1,In Service,False,35
398,,27,24,,3134,,2016-11-22 02:42:02 PM,40.76312584,,-73.96526895,,3 Ave & E 62 St,,3 Ave & E 62 St,1,In Service,False,51
399,,15,26,,3135,,2016-11-22 02:44:59 PM,40.77112927,,-73.95772297,,E 75 St & 3 Ave,,E 75 St & 3 Ave,1,In Service,False,41
400,,28,3,,3137,,2016-11-22 02:43:54 PM,40.77282817,,-73.96685276,,5 Ave & E 73 St,,5 Ave & E 73 St,1,In Service,False,31
401,,4,39,,3139,,2016-11-22 02:43:20 PM,40.7711828754,,-73.9640942216,,E 72 St & Park Ave,,E 72 St & Park Ave,1,In Service,False,43
402,,9,46,,3140,,2016-11-22 02:45:04 PM,40.77140426,,-73.9535166,,1 Ave & E 78 St,,1 Ave & E 78 St,1,In Service,False,55
403,,43,14,,3141,,2016-11-22 02:44:56 PM,40.76500525,,-73.95818491,,1 Ave & E 68 St,,1 Ave & E 68 St,1,In Service,False,59
404,,7,34,,3142,,2016-11-22 02:43:14 PM,40.7612274,,-73.96094022,,1 Ave & E 62 St,,1 Ave & E 62 St,1,In Service,False,41
405,,26,19,,3143,,2016-11-22 02:41:23 PM,40.7768286344,,-73.9638876915,,5 Ave & E 78 St,,5 Ave & E 78 St,1,In Service,False,47
406,,12,33,,3144,,2016-11-22 02:43:49 PM,40.77677702,,-73.9590097,,E 81 St & Park Ave,,E 81 St & Park Ave,1,In Service,False,46
407,,7,38,,3145,,2016-11-22 02:41:44 PM,40.77862688,,-73.95772073,,E 84 St & Park Ave,,E 84 St & Park Ave,1,In Service,False,45
408,,9,38,,3146,,2016-11-22 02:44:06 PM,40.77573034,,-73.9567526,,E 81 St & 3 Ave,,E 81 St & 3 Ave,1,In Service,False,47
409,,5,34,,3147,,2016-11-22 02:44:54 PM,40.77801203,,-73.95407149,,E 85 St & 3 Ave,,E 85 St & 3 Ave,1,In Service,False,39
410,,6,21,,3148,,2016-11-22 02:41:49 PM,40.77565541,,-73.95068615,,E 84 St & 1 Ave,,E 84 St & 1 Ave,1,In Service,False,27
411,,2,45,,3150,,2016-11-22 02:44:06 PM,40.77536905,,-73.94803392,,E 85 St & York Ave,,E 85 St & York Ave,1,In Service,False,47
412,,0,31,,3151,,2016-11-22 02:42:34 PM,40.7728384,,-73.94989233,,E 81 St & York Ave,,E 81 St & York Ave,1,In Service,False,31
413,,0,27,,3152,,2016-11-22 02:43:37 PM,40.76873687,,-73.96119945,,3 Ave & E 71 St,,3 Ave & E 71 St,1,In Service,False,27
414,,0,0,,3153,,2016-10-25 10:55:55 AM,40.7681754674,,-73.9591026306,,E 71 St & 2 Ave,,E 71 St & 2 Ave,3,Not In Service,False,27
415,,19,20,,3155,,2016-11-22 02:44:29 PM,40.76440023,,-73.96648977,,Lexington Ave & E 63 St,,Lexington Ave & E 63 St,1,In Service,False,39
416,,13,23,,3156,,2016-11-22 02:44:11 PM,40.76663814,,-73.95348296,,E 72 St & York Ave,,E 72 St & York Ave,1,In Service,False,39
417,,0,27,,3157,,2016-11-22 02:42:28 PM,40.77518615,,-73.94446054,,East End Ave & E 86 St,,East End Ave & E 86 St,1,In Service,False,27
418,,20,11,,3158,,2016-11-22 02:41:26 PM,40.77163851,,-73.98261428,,W 63 St & Broadway,,W 63 St & Broadway,1,In Service,False,31
419,,0,30,,3159,,2016-11-22 02:42:35 PM,40.77492513,,-73.98266566,,W 67 St & Broadway,,W 67 St & Broadway,1,In Service,False,31
420,,0,39,,3160,,2016-11-16 01:37:48 PM,40.77896784,,-73.97374737,,Central Park West & W 76 St,,Central Park West & W 76 St,3,Not In Service,False,39
421,,0,58,,3161,,2016-11-22 02:41:26 PM,40.7801839724,,-73.9772853255,,W 76 St & Columbus Ave,,W 76 St & Columbus Ave,1,In Service,False,59
422,,3,36,,3162,,2016-11-22 02:43:36 PM,40.78339981,,-73.98093133,,W 78 St & Broadway,,W 78 St & Broadway,1,In Service,False,39
423,,0,0,,3163,,2016-11-17 07:42:41 AM,40.7734066,,-73.97782542,,Central Park West & W 68 St,,Central Park West & W 68 St,3,Not In Service,False,0
424,,1,65,,3164,,2016-11-22 02:44:21 PM,40.7770575,,-73.97898475,,Columbus Ave & W 72 St,,Columbus Ave & W 72 St,1,In Service,False,67
425,,0,51,,3165,,2016-11-22 02:42:26 PM,40.7757937668,,-73.9762057364,,Central Park West & W 72 St,,Central Park West & W 72 St,3,Not In Service,False,51
426,,12,29,,3166,,2016-11-22 02:41:42 PM,40.7805779901,,-73.9856243134,,Riverside Dr & W 72 St,,Riverside Dr & W 72 St,1,In Service,False,41
427,,5,49,,3167,,2016-11-22 02:42:25 PM,40.7796680901,,-73.9809304476,,Amsterdam Ave & W 73 St,,Amsterdam Ave & W 73 St,1,In Service,False,55
428,,6,25,,3168,,2016-11-22 02:42:27 PM,40.78472675,,-73.96961715,,Central Park West & W 85 St,,Central Park West & W 85 St,1,In Service,False,31
429,,15,22,,3169,,2016-11-22 02:43:42 PM,40.78720869,,-73.98128127,,Riverside Dr & W 82 St,,Riverside Dr & W 82 St,1,In Service,False,39
430,,2,33,,3170,,2016-11-22 02:44:29 PM,40.78499979,,-73.97283406,,W 84 St & Columbus Ave,,W 84 St & Columbus Ave,1,In Service,False,35
431,,1,38,,3171,,2016-11-22 02:42:59 PM,40.78524672,,-73.97667321,,Amsterdam Ave & W 82 St,,Amsterdam Ave & W 82 St,1,In Service,False,39
432,,1,26,,3172,,2016-11-22 02:44:56 PM,40.7785669,,-73.97754961,,W 74 St & Columbus Ave,,W 74 St & Columbus Ave,1,In Service,False,27
433,,3,40,,3173,,2016-11-22 02:41:10 PM,40.7775070275,,-73.9888858795,,Riverside Blvd & W 67 St,,Riverside Blvd & W 67 St,1,In Service,False,43
434,,3,27,,3175,,2016-11-22 02:43:11 PM,40.77748046,,-73.98288594,,W 70 St & Amsterdam Ave,,W 70 St & Amsterdam Ave,1,In Service,False,31
435,,3,38,,3176,,2016-11-22 02:44:33 PM,40.77452835,,-73.98753759,,W 64 St & West End Ave,,W 64 St & West End Ave,1,In Service,False,43
436,,2,61,,3177,,2016-11-22 02:44:12 PM,40.7867947,,-73.977112,,W 84 St & Broadway,,W 84 St & Broadway,1,In Service,False,63
437,,18,20,,3178,,2016-11-22 02:42:57 PM,40.78414472,,-73.98362492,,Riverside Dr & W 78 St,,Riverside Dr & W 78 St,1,In Service,False,39
438,,9,13,,3179,,2016-11-22 02:41:56 PM,40.698617,,-73.941342,,Park Ave & Marcus Garvey Blvd,,Park Ave & Marcus Garvey Blvd,1,In Service,False,23
439,,17,14,,3180,,2016-11-22 02:42:33 PM,40.69878,,-73.99712,,Brooklyn Bridge Park - Pier 2,,Brooklyn Bridge Park - Pier 2,1,In Service,False,31
440,,17,10,,3183,,2016-11-22 02:41:54 PM,40.7162469,,-74.0334588,,Exchange Place,,Exchange Place,1,In Service,False,30
441,,9,5,,3184,,2016-11-22 02:44:19 PM,40.7141454,,-74.0335519,,Paulus Hook,,Paulus Hook,1,In Service,False,14
442,,17,3,,3185,,2016-11-22 02:43:15 PM,40.7177325,,-74.043845,,City Hall,,City Hall,1,In Service,False,22
443,,37,2,,3186,,2016-11-22 02:42:01 PM,40.7194610944,,-74.04294312,,Grove St PATH,,Grove St PATH,1,In Service,False,42
444,,10,8,,3187,,2016-11-22 02:42:26 PM,40.7211236,,-74.03805095,,Warren St,,Warren St,1,In Service,False,22
445,,5,13,,3188,,2016-11-22 02:42:32 PM,40.7101087,,-74.0858489,,NJCU,,NJCU,1,In Service,False,18
446,,8,6,,3189,,2016-11-22 02:45:02 PM,40.714402,,-74.0887723,,West Side Light Rail,,West Side Light Rail,1,In Service,False,14
447,,3,11,,3190,,2016-11-22 02:41:45 PM,40.7104670234,,-74.0700387955,,Garfield Ave Station,,Garfield Ave Station,1,In Service,False,14
448,,10,5,,3191,,2016-11-22 02:43:23 PM,40.7182113,,-74.0836394,,Union St,,Union St,1,In Service,False,18
449,,4,18,,3192,,2016-11-22 02:44:25 PM,40.7112423,,-74.0557013,,Liberty Light Rail,,Liberty Light Rail,1,In Service,False,22
450,,8,8,,3193,,2016-11-22 02:42:08 PM,40.7246050999,,-74.0784059465,,Lincoln Park,,Lincoln Park,1,In Service,False,18
451,,15,7,,3194,,2016-11-22 02:44:37 PM,40.7256033,,-74.06763,,McGinley Square,,McGinley Square,1,In Service,False,22
452,,15,16,,3195,,2016-11-22 02:42:00 PM,40.7309459,,-74.0638906,,Sip Ave,,Sip Ave,1,In Service,False,33
453,,1,14,,3196,,2016-11-22 02:43:40 PM,40.7443187,,-74.0439909,,Riverview Park,,Riverview Park,1,In Service,False,18
454,,1,16,,3197,,2016-11-22 02:42:51 PM,40.752559,,-74.044725,,North St,,North St,1,In Service,False,18
455,,5,12,,3198,,2016-11-22 02:43:58 PM,40.7487159454,,-74.0404433012,,Heights Elevator,,Heights Elevator,1,In Service,False,18
456,,3,11,,3199,,2016-11-22 02:41:27 PM,40.7287448,,-74.0321082,,Newport Pkwy,,Newport Pkwy,1,In Service,False,14
457,,7,11,,3200,,2016-11-22 02:43:44 PM,40.7111305,,-74.0788855,,MLK Light Rail,,MLK Light Rail,1,In Service,False,18
458,,12,5,,3201,,2016-11-22 02:43:57 PM,40.737711,,-74.066921,,Dey St,,Dey St,1,In Service,False,18
459,,16,1,,3202,,2016-11-22 02:44:14 PM,40.7272235,,-74.0337589,,Newport PATH,,Newport PATH,1,In Service,False,18
460,,5,21,,3203,,2016-11-22 02:43:48 PM,40.727595966,,-74.044247311,,Hamilton Park,,Hamilton Park,1,In Service,False,26
461,,6,14,,3205,,2016-11-22 02:43:27 PM,40.716539781,,-74.0496379137,,JC Medical Center,,JC Medical Center,1,In Service,False,22
462,,4,21,,3206,,2016-11-22 02:43:32 PM,40.7311689,,-74.0575736,,Hilltop,,Hilltop,1,In Service,False,26
463,,10,16,,3207,,2016-11-22 02:44:37 PM,40.7376037,,-74.0524783,,Oakland Ave,,Oakland Ave,1,In Service,False,26
464,,5,16,,3209,,2016-11-22 02:43:30 PM,40.7241765,,-74.0506564,,Brunswick St,,Brunswick St,1,In Service,False,22
465,,2,15,,3210,,2016-11-22 02:44:01 PM,40.742677141,,-74.051788633,,Pershing Field,,Pershing Field,1,In Service,False,18
466,,4,18,,3211,,2016-11-22 02:42:59 PM,40.72152515,,-74.046304543,,Newark Ave,,Newark Ave,1,In Service,False,22
467,,6,16,,3212,,2016-11-22 02:44:43 PM,40.734785818,,-74.050443636,,Christ Hospital,,Christ Hospital,1,In Service,False,22
468,,12,4,,3213,,2016-11-22 02:44:23 PM,40.71848892,,-74.047726625,,Van Vorst Park,,Van Vorst Park,1,In Service,False,21
469,,14,8,,3214,,2016-11-22 02:42:35 PM,40.7127742,,-74.0364857,,Essex Light Rail,,Essex Light Rail,1,In Service,False,22
470,,6,11,,3215,,2016-11-22 02:43:46 PM,40.7467299,,-74.0492509,,Central Ave,,Central Ave,1,In Service,False,18
471,,6,11,,3216,,2016-11-22 02:44:18 PM,40.6970299,,-74.0969366,,Columbia Park,,Columbia Park,1,In Service,False,18
472,,3,12,,3217,,2016-11-22 02:45:02 PM,40.698650544,,-74.082079678,,Bayside Park,,Bayside Park,1,In Service,False,18
473,,3,15,,3220,,2016-11-22 02:41:21 PM,40.73496102,,-74.0595030785,,5 Corners Library,,5 Corners Library,1,In Service,False,18
474,,20,6,,3221,,2016-11-22 02:44:00 PM,40.743,,-73.93561,,47 Ave & 31 St,,47 Ave & 31 St,1,In Service,False,27
475,,51,3,,3223,,2016-11-22 02:43:16 PM,40.7589965596,,-73.9686539769,,E 55 St & 3 Ave,,E 55 St & 3 Ave,1,In Service,False,55
476,,34,5,,3224,,2016-11-22 02:44:55 PM,40.739973541,,-74.005138725,,W 13 St & Hudson St,,W 13 St & Hudson St,1,In Service,False,39
477,,6,8,,3225,,2016-11-22 02:43:34 PM,40.7236589,,-74.0641943,,Baldwin at Montgomery,,Baldwin at Montgomery,1,In Service,False,14
478,,1,44,,3226,,2016-11-22 02:42:56 PM,40.78275,,-73.97137,,W 82 St & Central Park West,,W 82 St & Central Park West,1,In Service,False,45
479,,3,4,,3230,,2016-11-22 02:41:48 PM,40.751283597,,-73.9969244599,,Penn Station Valet,,Penn Station Valet,3,Not In Service,False,7
480,,14,25,,3231,,2016-11-22 02:41:54 PM,40.7678008015,,-73.9659208059,,E 67 St & Park Ave,,E 67 St & Park Ave,1,In Service,False,39
481,,14,16,,3232,,2016-11-22 02:43:05 PM,40.6896218879,,-73.9830426872,,Bond St & Fulton St,,Bond St & Fulton St,1,In Service,False,31
482,,25,14,,3233,,2016-11-22 02:44:23 PM,40.7572456791,,-73.9780591428,,E 48 St & 5 Ave,,E 48 St & 5 Ave,1,In Service,False,39
483,,4,24,,3235,,2016-11-22 02:41:07 PM,40.7521652806,,-73.979921937,,E 41 St & Madison Ave,,E 41 St & Madison Ave,1,In Service,False,31
484,,18,14,,3236,,2016-11-22 02:43:57 PM,40.758984814,,-73.9937996864,,W 42 St & Dyer Ave,,W 42 St & Dyer Ave,1,In Service,False,33
485,,17,8,,3237,,2016-11-22 02:42:44 PM,40.7538334344,,-73.9426767826,,21 St & 41 Ave,,21 St & 41 Ave,1,In Service,False,25
486,,4,33,,3238,,2016-11-22 02:42:51 PM,40.7739139024,,-73.9543953538,,E 80 St & 2 Ave,,E 80 St & 2 Ave,1,In Service,False,37
487,,1,18,,3241,,2016-11-22 02:43:07 PM,40.686203,,-73.944694,,Monroe St & Tompkins Ave,,Monroe St & Tompkins Ave,1,In Service,False,19
488,,10,29,,3242,,2016-11-22 02:41:35 PM,40.6910292568,,-73.9918336272,,Schermerhorn St & Court St,,Schermerhorn St & Court St,1,In Service,False,39
489,,4,25,,3243,,2016-11-22 02:42:44 PM,40.7589238638,,-73.9622622728,,E 58 St & 1 Ave,,E 58 St & 1 Ave,1,In Service,False,29
490,,28,1,,3244,,2016-11-22 02:44:41 PM,40.7314372409,,-73.9949034154,,University Pl & E 8 St,,University Pl & E 8 St,1,In Service,False,31
491,,22,0,,3246,,2016-11-22 02:42:47 PM,40.6942811414,,-73.9923003316,,Montague St & Clinton St,,Montague St & Clinton St,1,In Service,False,23
492,,12,2,,3249,,2016-11-22 02:44:21 PM,40.680356084,,-73.9476791024,,Verona Pl & Fulton St,,Verona Pl & Fulton St,1,In Service,False,15
493,,14,53,,3255,,2016-11-22 02:42:13 PM,40.750585347,,-73.9946848154,,8 Ave & W 31 St,,8 Ave & W 31 St,1,In Service,False,67
494,,19,0,,3256,,2016-11-22 02:44:15 PM,40.7277140778,,-74.0112957358,,Pier 40 - Hudson River Park,,Pier 40 - Hudson River Park,1,In Service,False,22
495,,20,14,,3258,,2016-11-22 02:41:57 PM,40.7501815633,,-74.0021842718,,W 27 St & 10 Ave,,W 27 St & 10 Ave,1,In Service,False,37
496,,20,6,,3259,,2016-11-22 02:42:05 PM,40.7493702419,,-73.9992338419,,9 Ave & W 28 St,,9 Ave & W 28 St,1,In Service,False,27
497,,28,0,,3260,,2016-11-22 02:41:53 PM,40.7270636335,,-73.9966213703,,Mercer St & Bleecker St,,Mercer St & Bleecker St,1,In Service,False,31
498,,40,17,,3263,,2016-11-22 02:43:00 PM,40.7292364991,,-73.990868032,,Cooper Square & E 7 St,,Cooper Square & E 7 St,1,In Service,False,59
499,,34,9,,3264,,2016-11-22 02:43:51 PM,40.7642100717,,-73.969104588,,E 61 St & Park Ave,,E 61 St & Park Ave,1,In Service,False,43
500,,22,8,,3265,,2016-11-22 02:44:45 PM,40.724563429,,-73.989443779,,E 2 St & 2 Ave,,E 2 St & 2 Ave,1,In Service,False,31
501,,4,10,,3267,,2016-11-22 02:44:05 PM,40.7124188238,,-74.0385255218,,Morris Canal,,Morris Canal,1,In Service,False,14
502,,7,7,,3268,,2016-11-22 02:42:02 PM,40.7134638267,,-74.0628585219,,Lafayette Park,,Lafayette Park,1,In Service,False,14
503,,2,12,,3269,,2016-11-22 02:42:55 PM,40.7260117296,,-74.0503889322,,Brunswick & 6th,,Brunswick & 6th,1,In Service,False,14
504,,4,10,,3270,,2016-11-22 02:42:34 PM,40.7254578219,,-74.0455260873,,Jersey & 6th St,,Jersey & 6th St,1,In Service,False,14
505,,8,3,,3271,,2016-11-22 02:42:48 PM,40.6926094607,,-74.0880900621,,Danforth Light Rail,,Danforth Light Rail,1,In Service,False,11
506,,5,9,,3272,,2016-11-22 02:44:22 PM,40.7234007003,,-74.0457540751,,Jersey & 3rd,,Jersey & 3rd,1,In Service,False,14
507,,3,14,,3273,,2016-11-22 02:43:26 PM,40.7216507249,,-74.0428841114,,Manila & 1st,,Manila & 1st,1,In Service,False,18
508,,4,10,,3274,,2016-11-22 02:44:28 PM,40.7049575167,,-74.0859308839,,Bethune Center,,Bethune Center,1,In Service,False,14
509,,2,10,,3275,,2016-11-22 02:44:26 PM,40.7183551982,,-74.0389144421,,Columbus Drive,,Columbus Drive,1,In Service,False,14
510,,3,21,,3276,,2016-11-22 02:43:41 PM,40.7148245042,,-74.0429806709,,Marin Light Rail,,Marin Light Rail,1,In Service,False,26
511,,5,9,,3277,,2016-11-22 02:42:55 PM,40.7143644678,,-74.0665599704,,Communipaw & Berry Lane,,Communipaw & Berry Lane,1,In Service,False,14
512,,6,6,,3278,,2016-11-22 02:43:29 PM,40.7256854836,,-74.0487903357,,Monmouth and 6th,,Monmouth and 6th,1,In Service,False,14
513,,12,6,,3279,,2016-11-22 02:43:13 PM,40.7216301426,,-74.0499678254,,Dixon Mills,,Dixon Mills,1,In Service,False,18
514,,3,10,,3280,,2016-11-22 02:41:35 PM,40.7192822007,,-74.0712618828,,Astor Place,,Astor Place,1,In Service,False,14
515,,4,10,,3281,,2016-11-22 02:42:59 PM,40.7459099663,,-74.0572714806,,Leonard Gordon Park,,Leonard Gordon Park,1,In Service,False,14
516,,2,36,,3282,,2016-11-22 02:44:42 PM,40.78307,,-73.95939,,5 Ave & E 88 St,,5 Ave & E 88 St,1,In Service,False,38
517,,0,43,,3283,,2016-11-22 02:44:08 PM,40.7882213,,-73.97041561,,W 89 St & Columbus Ave,,W 89 St & Columbus Ave,1,In Service,False,43
518,,12,29,,3284,,2016-11-22 02:41:12 PM,40.7814107002,,-73.9559590816,,E 88 St & Park Ave,,E 88 St & Park Ave,1,In Service,False,41
519,,2,41,,3285,,2016-11-22 02:44:36 PM,40.78839,,-73.9747,,W 87 St  & Amsterdam Ave,,W 87 St  & Amsterdam Ave,1,In Service,False,43
520,,10,24,,3286,,2016-11-22 02:42:34 PM,40.7806284,,-73.9521667,,E 89 St & 3 Ave,,E 89 St & 3 Ave,1,In Service,False,35
521,,0,39,,3288,,2016-11-22 02:43:48 PM,40.778301,,-73.9488134,,E 88 St & 1 Ave,,E 88 St & 1 Ave,1,In Service,False,39
522,,0,31,,3289,,2016-11-22 02:44:34 PM,40.790179481,,-73.972889185,,W 90 St & Amsterdam Ave,,W 90 St & Amsterdam Ave,1,In Service,False,31
523,,0,35,,3290,,2016-11-22 02:41:50 PM,40.7779453,,-73.946041,,E 89 St & York Ave,,E 89 St & York Ave,3,Not In Service,False,35
524,,7,36,,3292,,2016-11-22 02:43:02 PM,40.7857851,,-73.957481,,5 Ave & E 93 St,,5 Ave & E 93 St,1,In Service,False,43
525,,1,22,,3293,,2016-11-22 02:43:05 PM,40.7921,,-73.9739,,W 92 St & Broadway,,W 92 St & Broadway,1,In Service,False,24
526,,4,31,,3294,,2016-11-22 02:43:17 PM,40.7835016,,-73.955327,,E 91 St & Park Ave,,E 91 St & Park Ave,1,In Service,False,35
527,,2,57,,3295,,2016-11-22 02:44:07 PM,40.79127,,-73.964839,,Central Park W & W 96 St,,Central Park W & W 96 St,1,In Service,False,59
528,,0,0,,3296,,1969-12-31 07:00:00 PM,40.7825056473,,-73.9488780499,,Coming Soon: E 93 St & 2 Ave,,Coming Soon: E 93 St & 2 Ave,3,Not In Service,False,0
529,,4,16,,3297,,2016-11-22 02:44:54 PM,40.6686627,,-73.97988067,,6 St & 7 Ave,,6 St & 7 Ave,1,In Service,False,21
530,,13,10,,3298,,2016-11-22 02:42:54 PM,40.686371,,-73.99383324,,Warren St & Court St,,Warren St & Court St,1,In Service,False,23
531,,0,0,,3299,,1969-12-31 07:00:00 PM,40.787278535,,-73.9501051605,,Coming Soon: E 98 St & Lexington Ave,,Coming Soon: E 98 St & Lexington Ave,3,Not In Service,False,0
532,,0,25,,3300,,2016-11-22 02:44:27 PM,40.6651468153,,-73.9763760567,,Prospect Park West & 8 St,,Prospect Park West & 8 St,1,In Service,False,25
533,,3,36,,3301,,2016-11-22 02:43:01 PM,40.7919557,,-73.968087,,Columbus Ave & W 95 St,,Columbus Ave & W 95 St,1,In Service,False,39
534,,12,11,,3302,,2016-11-22 02:42:05 PM,40.7969347,,-73.9643412291,,Columbus Ave & W 103 St,,Columbus Ave & W 103 St,1,In Service,False,23
535,,7,18,,3303,,2016-11-22 02:42:32 PM,40.6849894,,-73.99440329,,Butler St & Court St,,Butler St & Court St,1,In Service,False,25
536,,0,26,,3304,,2016-11-22 02:41:04 PM,40.668127,,-73.98377641,,6 Ave & 9 St,,6 Ave & 9 St,1,In Service,False,27
537,,12,27,,3305,,2016-11-22 02:44:52 PM,40.7811222993,,-73.9496558905,,E 91 St & 2 Ave,,E 91 St & 2 Ave,1,In Service,False,39
538,,0,23,,3306,,2016-11-22 02:41:58 PM,40.6662078,,-73.98199886,,10 St & 7 Ave,,10 St & 7 Ave,1,In Service,False,23
539,,2,29,,3307,,2016-11-22 02:44:34 PM,40.7941654,,-73.974124,,West End Ave & W 94 St,,West End Ave & W 94 St,1,In Service,False,31
540,,0,27,,3308,,2016-11-22 02:45:02 PM,40.6861758,,-73.99645295,,Kane St & Clinton St,,Kane St & Clinton St,1,In Service,False,27
541,,7,23,,3309,,2016-11-22 02:44:27 PM,40.7859201,,-73.94860294,,E 97 St & 3 Ave,,E 97 St & 3 Ave,1,In Service,False,30
542,,0,24,,3310,,2016-11-22 02:42:23 PM,40.663779,,-73.98396846,,14 St & 7 Ave,,14 St & 7 Ave,1,In Service,False,24
543,,17,4,,3311,,2016-11-22 02:41:22 PM,40.68763155,,-74.0016256,,Columbia St & Kane St,,Columbia St & Kane St,1,In Service,False,21
544,,18,21,,3312,,2016-11-22 02:42:20 PM,40.7817212,,-73.94594,,1 Ave & E 94 St,,1 Ave & E 94 St,1,In Service,False,39
545,,0,29,,3313,,2016-11-22 02:42:05 PM,40.6663181,,-73.9854617,,6 Ave & 12 St,,6 Ave & 12 St,1,In Service,False,29
546,,10,21,,3314,,2016-11-22 02:44:34 PM,40.7937704,,-73.971888,,W 95 St & Broadway,,W 95 St & Broadway,1,In Service,False,32
547,,1,22,,3315,,2016-11-22 02:42:06 PM,40.6847514,,-73.99917254,,Henry St & Degraw St,,Henry St & Degraw St,1,In Service,False,23
548,,1,46,,3316,,2016-11-22 02:41:25 PM,40.7989937,,-73.9662173778,,W 104 St & Amsterdam Ave,,W 104 St & Amsterdam Ave,1,In Service,False,47
549,,1,23,,3317,,2016-11-22 02:43:14 PM,40.6686273,,-73.98700053,,10 St & 5 Ave,,10 St & 5 Ave,1,In Service,False,24
550,,0,0,,3318,,1969-12-31 07:00:00 PM,40.7839636,,-73.9471673,,Coming Soon: 2 Ave & E 96 St,,Coming Soon: 2 Ave & E 96 St,3,Not In Service,False,0
551,,10,7,,3319,,2016-11-22 02:43:17 PM,40.666287,,-73.98895053,,14 St & 5 Ave,,14 St & 5 Ave,1,In Service,False,18
552,,2,29,,3320,,2016-11-22 02:44:00 PM,40.793393,,-73.9635556,,Central Park West & W 100 St,,Central Park West & W 100 St,1,In Service,False,31
553,,0,25,,3321,,2016-11-22 02:41:51 PM,40.6831164,,-73.99785267,,Clinton St & Union St,,Clinton St & Union St,1,In Service,False,25
554,,9,16,,3322,,2016-11-22 02:42:59 PM,40.668603,,-73.9904394,,12 St & 4 Ave,,12 St & 4 Ave,1,In Service,False,25
555,,1,57,,3323,,2016-11-22 02:44:02 PM,40.7981856,,-73.9605909006,,W 106 St & Central Park West,,W 106 St & Central Park West,1,In Service,False,59
556,,18,7,,3324,,2016-11-22 02:44:35 PM,40.6685455,,-73.99333264,,3 Ave & 14 St,,3 Ave & 14 St,1,In Service,False,25
557,,0,31,,3325,,2016-11-22 02:41:28 PM,40.7849032,,-73.950503,,E 95 St & 3 Ave,,E 95 St & 3 Ave,1,In Service,False,31
558,,11,10,,3326,,2016-11-22 02:44:39 PM,40.67434,,-74.00194698,,Clinton St & Centre St,,Clinton St & Centre St,1,In Service,False,21
559,,25,1,,3327,,2016-11-22 02:41:18 PM,40.7877214,,-73.94728331,,3 Ave & E 100 St,,3 Ave & E 100 St,1,In Service,False,27
560,,1,37,,3328,,2016-11-22 02:42:42 PM,40.795,,-73.9645,,W 100 St & Manhattan Ave,,W 100 St & Manhattan Ave,1,In Service,False,39
561,,6,21,,3329,,2016-11-22 02:42:11 PM,40.6829151,,-73.99318208,,Degraw St & Smith St,,Degraw St & Smith St,1,In Service,False,27
562,,17,2,,3330,,2016-11-22 02:44:50 PM,40.6725058,,-74.00494695,,Henry St & Bay St,,Henry St & Bay St,1,In Service,False,19
563,,0,39,,3331,,2016-11-22 02:41:51 PM,40.8013434,,-73.9711457439,,Riverside Dr & W 104 St,,Riverside Dr & W 104 St,1,In Service,False,39
564,,2,16,,3332,,2016-11-22 02:42:31 PM,40.6819904427,,-73.9907902479,,Degraw St & Hoyt St,,Degraw St & Hoyt St,1,In Service,False,19
565,,14,6,,3333,,2016-11-22 02:42:27 PM,40.6747055,,-74.0075572,,Columbia St & Lorraine St,,Columbia St & Lorraine St,1,In Service,False,21
566,,25,3,,3335,,2016-11-22 02:44:15 PM,40.6772744,,-73.98282002,,Union St & 4 Ave,,Union St & 4 Ave,1,In Service,False,28
567,,2,39,,3336,,2016-11-22 02:41:34 PM,40.787801,,-73.953559,,E 97 St & Madison Ave,,E 97 St & Madison Ave,1,In Service,False,41
568,,0,0,,3337,,1969-12-31 07:00:00 PM,40.672415,,-74.011802,,Coming Soon: Beard St & Otsego St,,Coming Soon: Beard St & Otsego St,3,Not In Service,False,0
569,,27,4,,3338,,2016-11-22 02:42:50 PM,40.7862586,,-73.94552579,,2 Ave & E 99 St,,2 Ave & E 99 St,1,In Service,False,31
570,,4,18,,3339,,2016-11-22 02:42:18 PM,40.6765304,,-73.97846879,,Berkeley Pl & 6 Ave,,Berkeley Pl & 6 Ave,1,In Service,False,23
571,,18,3,,3340,,2016-11-22 02:41:44 PM,40.6753274,,-74.0100698,,Wolcott St & Dwight St,,Wolcott St & Dwight St,1,In Service,False,21
572,,0,59,,3341,,2016-11-22 02:42:21 PM,40.795346,,-73.96186,,Central Park West & W 102 St,,Central Park West & W 102 St,1,In Service,False,59
573,,18,4,,3342,,2016-11-22 02:41:34 PM,40.6777748,,-74.0094613,,Pioneer St & Richards St,,Pioneer St & Richards St,1,In Service,False,23
574,,1,22,,3343,,2016-11-22 02:44:43 PM,40.7997568,,-73.9621128676,,W 107 St & Columbus Ave,,W 107 St & Columbus Ave,1,In Service,False,23
575,,16,3,,3344,,2016-11-22 02:42:35 PM,40.679043,,-74.011169,,Pioneer St & Van Brunt St,,Pioneer St & Van Brunt St,1,In Service,False,19
576,,17,18,,3345,,2016-11-22 02:41:04 PM,40.7894854155,,-73.9524292946,,Madison Ave & E 99 St,,Madison Ave & E 99 St,1,In Service,False,35
577,,1,28,,3346,,2016-11-22 02:44:58 PM,40.6751468387,,-73.9752320945,,Berkeley Pl & 7 Ave,,Berkeley Pl & 7 Ave,1,In Service,False,29
578,,6,13,,3347,,2016-11-22 02:43:28 PM,40.6773429,,-74.01275056,,Van Brunt St & Wolcott St,,Van Brunt St & Wolcott St,1,In Service,False,21
579,,9,6,,3348,,2016-11-22 02:43:20 PM,40.677236,,-74.015665,,Coffey St & Conover St,,Coffey St & Conover St,1,In Service,False,15
580,,2,28,,3349,,2016-11-22 02:42:21 PM,40.6729679,,-73.97087984,,Grand Army Plaza & Plaza St West,,Grand Army Plaza & Plaza St West,1,In Service,False,30
581,,0,39,,3350,,2016-11-22 02:43:18 PM,40.7973721,,-73.97041192,,W 100 St & Broadway,,W 100 St & Broadway,1,In Service,False,39
582,,18,7,,3351,,2016-11-22 02:41:10 PM,40.7869946,,-73.94164802,,E 102 St & 1 Ave,,E 102 St & 1 Ave,1,In Service,False,25
583,,0,0,,3352,,1969-12-31 07:00:00 PM,40.6726724341,,-74.0087952465,,Coming Soon: Sigourney St & Columbia St,,Coming Soon: Sigourney St & Columbia St,3,Not In Service,False,0
584,,17,7,,3353,,2016-11-22 02:42:49 PM,40.6747844,,-74.01612847,,Reed St & Van Brunt St,,Reed St & Van Brunt St,1,In Service,False,24
585,,0,31,,3354,,2016-11-22 02:42:21 PM,40.668132,,-73.97363831,,3 St & Prospect Park West,,3 St & Prospect Park West,1,In Service,False,31
586,,15,10,,3355,,2016-11-22 02:44:26 PM,40.7680088931,,-73.9684528112,,E 66 St & Madison Ave,,E 66 St & Madison Ave,1,In Service,False,25
587,,1,20,,3356,,2016-11-22 02:44:22 PM,40.7746671,,-73.98470567,,Amsterdam Ave & W 66 St,,Amsterdam Ave & W 66 St,1,In Service,False,21
588,,3,32,,3357,,2016-11-22 02:42:04 PM,40.8008363,,-73.9664492472,,W 106 St & Amsterdam Ave,,W 106 St & Amsterdam Ave,1,In Service,False,35
589,,0,25,,3358,,2016-11-22 02:43:36 PM,40.6711978,,-73.97484126,,Garfield Pl & 8 Ave,,Garfield Pl & 8 Ave,1,In Service,False,25
590,,6,29,,3359,,2016-11-22 02:43:02 PM,40.7691572,,-73.96703464,,E 68 St & Madison Ave,,E 68 St & Madison Ave,1,In Service,False,35
591,,0,25,,3360,,2016-11-22 02:42:21 PM,40.7829391,,-73.9786517,,Amsterdam Ave & W 79 St,,Amsterdam Ave & W 79 St,1,In Service,False,25
592,,0,23,,3361,,2016-11-22 02:41:07 PM,40.6740886,,-73.9787282,,Carroll St & 6 Ave,,Carroll St & 6 Ave,1,In Service,False,23
593,,16,18,,3362,,2016-11-22 02:42:08 PM,40.7781314,,-73.96069399,,Madison Ave & E 82 St,,Madison Ave & E 82 St,1,In Service,False,34
594,,9,24,,3363,,2016-11-22 02:44:38 PM,40.7904828,,-73.95033068,,E 102 St & Park Ave,,E 102 St & Park Ave,1,In Service,False,33
595,,0,27,,3364,,2016-11-22 02:41:12 PM,40.6751622,,-73.9814832,,Carroll St & 5 Ave,,Carroll St & 5 Ave,1,In Service,False,27
596,,0,19,,3366,,2016-11-22 02:42:52 PM,40.8021174,,-73.9681805305,,West End Ave & W 107 St,,West End Ave & W 107 St,1,In Service,False,19
597,,4,35,,3367,,2016-11-22 02:42:21 PM,40.7922553,,-73.95249933,,5 Ave & E 103 St,,5 Ave & E 103 St,1,In Service,False,39
598,,3,24,,3368,,2016-11-22 02:44:52 PM,40.6728155,,-73.98352355,,5 Ave & 3 St,,5 Ave & 3 St,1,In Service,False,30
599,,0,0,,3369,,1969-12-31 07:00:00 PM,40.7730159,,-73.94637823,,Coming Soon: 83 St & East End Ave,,Coming Soon: 83 St & East End Ave,3,Not In Service,False,0
600,,5,20,,3370,,2016-11-22 02:43:52 PM,40.7727966,,-73.95577801,,78 St & 2 Ave,,78 St & 2 Ave,1,In Service,False,25
601,,0,0,,3371,,1969-12-31 07:00:00 PM,40.6746134225,,-73.9850114286,,Coming Soon: 4 Ave & 2 Street,,Coming Soon: 4 Ave & 2 Street,3,Not In Service,False,0
602,,14,25,,3372,,2016-11-22 02:44:00 PM,40.7689738,,-73.95482273,,E 74 St & 1 Ave,,E 74 St & 1 Ave,1,In Service,False,39
603,,15,12,,3373,,2016-11-22 02:41:20 PM,40.6750705,,-73.98775226,,3 St & 3 Ave,,3 St & 3 Ave,1,In Service,False,27
604,,5,31,,3374,,2016-11-22 02:41:15 PM,40.799484,,-73.955613,,Central Park North & Adam Clayton Powell Blvd,,Central Park North & Adam Clayton Powell Blvd,1,In Service,False,36
605,,1,33,,3375,,2016-11-22 02:43:29 PM,40.7699426,,-73.96060712,,3 Ave & E 72 St,,3 Ave & E 72 St,1,In Service,False,35
606,,2,37,,3376,,2016-11-22 02:42:40 PM,40.7647185194,,-73.9622206986,,E 65 St & 2 Ave,,E 65 St & 2 Ave,1,In Service,False,39
607,,2,23,,3377,,2016-11-22 02:44:52 PM,40.6786115,,-73.99037292,,Carroll St & Bond St,,Carroll St & Bond St,1,In Service,False,25
608,,19,8,,3378,,2016-11-22 02:44:39 PM,40.773763,,-73.96222088,,E 76 St & Park Ave,,E 76 St & Park Ave,1,In Service,False,28
609,,35,0,,3379,,2016-11-22 02:43:41 PM,40.7903051,,-73.94755757,,E 103 St & Lexington Ave,,E 103 St & Lexington Ave,1,In Service,False,35
610,,13,7,,3381,,2016-11-22 02:42:27 PM,40.6777287,,-73.99364123,,3 St & Hoyt St,,3 St & Hoyt St,1,In Service,False,21
611,,2,29,,3382,,2016-11-22 02:41:47 PM,40.680611,,-73.99475825,,Carroll St & Smith St,,Carroll St & Smith St,1,In Service,False,31
612,,2,23,,3383,,2016-11-22 02:43:34 PM,40.804213,,-73.96699104,,Cathedral Pkwy & Broadway,,Cathedral Pkwy & Broadway,1,In Service,False,25
613,,0,25,,3384,,2016-11-22 02:43:56 PM,40.6787242,,-73.99599099,,Smith St & 3 St,,Smith St & 3 St,1,In Service,False,25
614,,3,24,,3386,,2016-11-22 02:42:36 PM,40.6809591,,-73.99905709,,1 Pl & Clinton St,,1 Pl & Clinton St,1,In Service,False,27
615,,18,7,,3387,,2016-11-22 02:43:48 PM,40.7934337,,-73.94945003,,E 106 St & Madison Ave,,E 106 St & Madison Ave,1,In Service,False,25
616,,3,22,,3388,,2016-11-22 02:41:26 PM,40.6828003,,-73.99990419,,President St & Henry St,,President St & Henry St,1,In Service,False,25
617,,12,15,,3389,,2016-11-22 02:44:36 PM,40.6830456,,-74.00348559,,Carroll St & Columbia St,,Carroll St & Columbia St,1,In Service,False,28
618,,16,8,,3390,,2016-11-22 02:43:03 PM,40.79329668,,-73.9432083,,E 109 St & 3 Ave,,E 109 St & 3 Ave,1,In Service,False,24
619,,18,7,,3391,,2016-11-22 02:42:18 PM,40.7892529,,-73.93956237,,E 106 St & 1 Ave,,E 106 St & 1 Ave,1,In Service,False,25
620,,15,4,,3392,,2016-11-22 02:42:39 PM,40.6812117,,-74.00860912,,Commerce St & Van Brunt St,,Commerce St & Van Brunt St,1,In Service,False,19
621,,13,6,,3393,,2016-11-22 02:43:44 PM,40.6794327,,-74.00785041,,Richards St & Delavan St,,Richards St & Delavan St,1,In Service,False,19
622,,16,5,,3394,,2016-11-22 02:41:56 PM,40.6769993,,-74.00647134,,Columbia St & W 9 St,,Columbia St & W 9 St,1,In Service,False,21
623,,12,6,,3395,,2016-11-22 02:44:46 PM,40.6763744,,-74.00324957,,Henry St & W 9 St,,Henry St & W 9 St,1,In Service,False,19
624,,2,23,,3396,,2016-11-22 02:44:16 PM,40.6783563,,-74.00014502,,Clinton St & 4 Place,,Clinton St & 4 Place,1,In Service,False,25
625,,15,9,,3397,,2016-11-22 02:44:29 PM,40.6763947,,-73.99869893,,Court St & Nelson St,,Court St & Nelson St,1,In Service,False,25
626,,14,9,,3398,,2016-11-22 02:41:44 PM,40.6746957,,-73.99785768,,Smith St & 9 St,,Smith St & 9 St,1,In Service,False,23
627,,14,6,,3399,,2016-11-22 02:41:47 PM,40.6726029815,,-73.9898300171,,7 St & 3 Ave,,7 St & 3 Ave,1,In Service,False,21
628,,13,10,,3400,,2016-11-22 02:43:35 PM,40.7961535,,-73.94782145,,E 110 St & Madison Ave,,E 110 St & Madison Ave,1,In Service,False,24
629,,3,16,,3401,,2016-11-22 02:44:57 PM,40.6724811,,-73.99331394,,2 Ave & 9 St,,2 Ave & 9 St,1,In Service,False,19
630,,8,15,,3402,,2016-11-22 02:43:15 PM,40.6902375,,-73.99203074,,Court St & State St,,Court St & State St,1,In Service,False,23
631,,2,29,,3403,,2016-11-22 02:42:19 PM,40.6705135,,-73.98876585,,4 Ave & 9 St,,4 Ave & 9 St,1,In Service,False,31
632,,0,26,,3404,,2016-11-22 02:42:48 PM,40.6704922,,-73.98541675,,7 St & 5 Ave,,7 St & 5 Ave,1,In Service,False,27
633,,0,23,,3405,,2016-11-16 09:54:33 AM,40.6704836,,-73.98208968,,5 St & 6 Ave,,5 St & 6 Ave,3,Not In Service,False,23
634,,13,2,,3407,,2016-11-22 02:44:44 PM,40.6790979972,,-73.9876547456,,Union St & Nevins St,,Union St & Nevins St,1,In Service,False,15
635,,4,23,,3408,,2016-11-22 02:41:30 PM,40.6881529,,-73.99520919,,Congress St & Clinton St,,Congress St & Clinton St,1,In Service,False,27
636,,26,8,,3409,,2016-11-22 02:41:29 PM,40.6867443,,-73.99063168,,Bergen St & Smith St,,Bergen St & Smith St,1,In Service,False,35
637,,16,15,,3410,,2016-11-22 02:44:45 PM,40.6864442,,-73.98759104,,Dean St & Hoyt St,,Dean St & Hoyt St,1,In Service,False,31
638,,1,26,,3411,,2016-11-22 02:42:14 PM,40.6849668,,-73.98620772,,Bond St & Bergen St,,Bond St & Bergen St,1,In Service,False,27
639,,4,11,,3412,,2016-11-22 02:41:40 PM,40.6853761,,-73.98302136,,Pacific St & Nevins St,,Pacific St & Nevins St,1,In Service,False,15
640,,7,14,,3413,,2016-11-22 02:42:45 PM,40.6827549,,-73.98258555,,Wyckoff St & 3 Ave,,Wyckoff St & 3 Ave,1,In Service,False,22
641,,4,29,,3414,,2016-11-22 02:41:21 PM,40.6809447235,,-73.9756733179,,Bergen St & Flatbush Ave,,Bergen St & Flatbush Ave,1,In Service,False,33
642,,8,17,,3415,,2016-11-22 02:41:23 PM,40.6793307,,-73.97519523,,Prospect Pl & 6 Ave,,Prospect Pl & 6 Ave,1,In Service,False,25
643,,13,4,,3416,,2016-11-22 02:41:54 PM,40.6776147,,-73.97324283,,7 Ave & Park Pl,,7 Ave & Park Pl,1,In Service,False,17
644,,27,0,,3417,,2016-11-22 02:42:26 PM,40.6795766,,-73.97854971,,Baltic St & 5 Ave,,Baltic St & 5 Ave,1,In Service,False,27
645,,27,6,,3418,,2016-11-22 02:44:25 PM,40.6750207,,-73.97111473,,Plaza St West & Flatbush Ave,,Plaza St West & Flatbush Ave,1,In Service,False,33
646,,19,8,,3419,,2016-11-22 02:44:28 PM,40.6792788,,-73.98154004,,Douglass St & 4 Ave,,Douglass St & 4 Ave,1,In Service,False,27
647,,19,2,,3420,,2016-11-22 02:44:35 PM,40.6802133,,-73.98432695,,Douglass St & 3 Ave,,Douglass St & 3 Ave,1,In Service,False,21
648,,8,15,,3421,,2016-11-22 02:42:43 PM,40.6843549,,-73.98901629,,Hoyt St & Warren St,,Hoyt St & Warren St,1,In Service,False,23
649,,16,5,,3422,,2016-11-22 02:44:22 PM,40.6859296,,-74.00242364,,Columbia St & Degraw St,,Columbia St & Degraw St,1,In Service,False,21
650,,1,28,,3423,,2016-11-22 02:43:39 PM,40.6610633719,,-73.9794525504,,West Drive & Prospect Park West,,West Drive & Prospect Park West,1,In Service,False,29
651,,17,10,,3424,,2016-11-22 02:42:47 PM,40.791976,,-73.945993,,E 106 St & Lexington Ave,,E 106 St & Lexington Ave,1,In Service,False,27
652,,28,5,,3425,,2016-11-22 02:44:53 PM,40.7892105,,-73.94370784,,2 Ave  & E 104 St,,2 Ave  & E 104 St,1,In Service,False,33
653,,29,8,,3427,,2016-11-22 02:45:03 PM,40.7243052725,,-73.9960098267,,Lafayette St & Jersey St,,Lafayette St & Jersey St,1,In Service,False,40
654,,24,1,,3428,,2016-11-22 02:44:35 PM,40.740983,,-74.001702,,8 Ave & W 16 St,,8 Ave & W 16 St,1,In Service,False,25
655,,10,29,,3429,,2016-11-22 02:44:30 PM,40.6850680731,,-73.977907598,,Hanson Pl & Ashland Pl,,Hanson Pl & Ashland Pl,1,In Service,False,39
656,,4,15,,3430,,2016-11-22 02:44:29 PM,40.7190789118,,-73.9422369003,,Richardson St & N Henry St,,Richardson St & N Henry St,1,In Service,False,19
657,,1,25,,3431,,2016-11-22 02:41:06 PM,40.746524,,-73.977885,,E 35 St & 3 Ave,,E 35 St & 3 Ave,1,In Service,False,26
658,,0,35,,3434,,2016-11-22 02:43:46 PM,40.7902541733,,-73.9771834016,,W 88 St & West End Ave,,W 88 St & West End Ave,1,In Service,False,35
659,,28,17,,3435,,2016-11-22 02:44:42 PM,40.718822,,-73.99596,,Grand St & Elizabeth St,,Grand St & Elizabeth St,1,In Service,False,45
660,,26,5,,3436,,2016-11-22 02:44:49 PM,40.721319,,-74.010065,,Greenwich St & Hubert St,,Greenwich St & Hubert St,1,In Service,False,31
661,,0,0,,3437,,1969-12-31 07:00:00 PM,40.7931348099,,-73.9770036936,,Riverside Dr & W 91 St,,Riverside Dr & W 91 St,3,Not In Service,False,0
662,,2,28,,3438,,2016-11-22 02:43:05 PM,40.7722485377,,-73.9584213495,,E 76 St & 3 Ave,,E 76 St & 3 Ave,1,In Service,False,31
